RA,Dec,Vmag,Bmag,B-V
89.343951,28.873367,16.7796,17.619,0.8394
89.279976,28.872924,14.8281,15.6228,0.7947
89.786743,28.874617,16.525,17.3319,0.8069
89.645875,28.873476,15.6236,16.4187,0.7951
89.64588,28.873476,15.6236,16.4187,0.7951
89.594377,28.874278,17.761,18.594,0.833
89.414903,28.87277,16.6919,17.6156,0.9237
89.775465,28.873225,14.5936,15.6478,1.0542
89.614404,28.873806,17.6136,18.4466,0.833
89.463704,28.872003,13.9762,14.3598,0.3836
89.757273,28.873305,15.467,16.1507,0.6837
89.561289,28.873196,17.1667,18.2169,1.0502
89.537457,28.872839,16.5297,17.3181,0.7884
89.76486,28.873608,17.5846,18.3167,0.7321
89.489583,28.87227,17.3214,18.4288,1.1074
89.468916,28.872267,17.7828,18.3444,0.5616
89.485176,28.872093,17.5057,18.3608,0.8551
89.690077,28.872857,17.461,18.3498,0.8888
89.351474,28.870586,16.6133,17.6059,0.9926
89.716994,28.871917,17.1343,17.96,0.8257
89.415264,28.870736,17.0905,17.892,0.8015
89.283067,28.869855,17.0693,17.7706,0.7013
89.733723,28.871311,15.8038,16.7268,0.923
89.455358,28.869889,17.2347,18.276,1.0413
89.665555,28.86996,14.8624,15.3057,0.4433
89.726079,28.870474,17.3469,18.2255,0.8786
89.560833,28.869607,15.7811,16.4579,0.6768
89.322459,28.868741,16.8478,17.7188,0.871
89.415268,28.870736,17.0905,17.892,0.8015
89.783471,28.870057,16.9132,17.7629,0.8497
89.670797,28.870023,17.4237,18.2429,0.8192
89.564554,28.868859,14.9727,15.9098,0.9371
89.375791,28.868399,16.2767,17.0275,0.7508
89.659422,28.869398,16.8924,18.1,1.2076
89.568221,28.868216,13.7339,14.3078,0.5739
89.275022,28.867462,16.8043,17.5854,0.7811
89.818052,28.869568,17.6087,18.5353,0.9266
89.343028,28.868052,17.9042,18.7029,0.7987
89.493005,28.868164,16.6966,17.4386,0.742
89.587276,28.868611,17.7906,18.5707,0.7801
89.514887,28.867731,15.8721,16.6249,0.7528
89.315722,28.867366,17.6573,18.6349,0.9776
89.790821,28.868581,16.2874,17.0551,0.7677
89.696689,28.86862,17.194,18.1458,0.9518
89.665536,28.86996,14.8624,15.3057,0.4433
89.340914,28.866475,16.3959,17.6952,1.2993
89.660915,28.867593,15.8107,16.6116,0.8009
89.506708,28.866752,15.8764,16.6618,0.7854
89.697047,28.866484,14.8967,15.7756,0.8789
89.453339,28.866462,16.7602,17.5595,0.7993
89.537577,28.866419,15.7019,16.2555,0.5536
89.697071,28.866483,14.9001,15.7756,0.8755
89.265043,28.864727,16.6521,17.3932,0.7411
89.795134,28.866618,15.3877,16.1515,0.7638
89.780671,28.86659,15.7242,16.2455,0.5213
89.675717,28.865841,16.2275,16.9506,0.7231
89.568227,28.868203,13.734,14.3078,0.5738
89.514881,28.867729,15.8662,16.6249,0.7587
89.394875,28.86494,16.739,17.5333,0.7943
89.299315,28.864052,15.19,16.2692,1.0792
89.28904,28.864253,17.1821,17.9537,0.7716
89.260659,28.863671,15.6004,16.3982,0.7978
89.498622,28.865224,17.7181,18.3824,0.6643
89.41961,28.864659,17.0055,17.7945,0.789
89.361832,28.864487,17.5772,18.4531,0.8759
89.352488,28.864255,16.0947,16.8378,0.7431
89.306047,28.864207,17.4462,18.3037,0.8575
89.800196,28.865299,16.6207,17.2861,0.6654
89.630233,28.864971,17.2044,17.9648,0.7604
89.449033,28.864261,17.0575,17.8887,0.8312
89.792043,28.864435,15.5617,16.3353,0.7736
89.715218,28.864298,16.7368,17.6425,0.9057
89.728338,28.86337,13.952,14.5681,0.6161
89.460563,28.862493,16.126,16.8935,0.7675
89.271583,28.861299,16.6558,17.4769,0.8211
89.662495,28.862823,15.7753,16.9529,1.1776
89.747253,28.862894,15.8459,16.614,0.7681
89.693785,28.862321,14.2471,14.7404,0.4933
89.408827,28.862124,17.7807,18.7605,0.9798
89.65295,28.862543,17.1256,17.8574,0.7318
89.457926,28.861746,17.0196,17.9262,0.9066
89.432374,28.861017,16.7133,17.5973,0.884
89.333687,28.860131,16.4912,17.3162,0.825
89.591982,28.861281,16.8417,17.5336,0.6919
89.478323,28.860495,16.184,17.069,0.885
89.439751,28.860228,16.7968,17.9614,1.1646
89.382333,28.859688,17.5629,18.5638,1.0009
89.707554,28.8598,13.9466,15.1866,1.24
89.697729,28.859731,16.4605,17.1967,0.7362
89.364777,28.857673,16.428,17.2449,0.8169
89.375549,28.858606,17.6897,18.5956,0.9059
89.624687,28.859101,15.8774,16.9773,1.0999
89.796615,28.859719,17.8604,18.706,0.8456
89.594921,28.858293,14.2973,15.4891,1.1918
89.348312,28.857588,15.7796,16.843,1.0634
89.364743,28.857679,16.434,17.2449,0.8109
89.581856,28.858533,16.9443,17.799,0.8547
89.696908,28.857768,15.5488,16.0788,0.53
89.783988,28.857527,15.575,16.3077,0.7327
89.753208,28.857896,16.8672,17.6517,0.7845
89.415621,28.856618,17.1461,17.9037,0.7576
89.373773,28.855909,16.5323,17.7094,1.1771
89.691691,28.857135,17.2437,18.1322,0.8885
89.43225,28.855981,16.491,17.3064,0.8154
89.34913,28.855745,17.6016,18.1728,0.5712
89.691681,28.857134,17.2428,18.1322,0.8894
89.432282,28.855986,16.4871,17.3064,0.8193
89.778479,28.855868,14.794,15.4951,0.7011
89.615849,28.85568,15.5018,16.2473,0.7455
89.554555,28.855756,16.7531,17.42,0.6669
89.281949,28.854393,17.4614,18.2717,0.8103
89.316209,28.853994,17.0124,17.7313,0.7189
89.743078,28.855644,17.2484,18.4354,1.187
89.656753,28.855106,16.6799,17.4997,0.8198
89.576397,28.854123,15.2988,15.9228,0.624
89.576393,28.854123,15.2984,15.9228,0.6244
89.412412,28.853817,15.8937,16.6517,0.758
89.276106,28.853223,16.7279,17.5444,0.8165
89.733601,28.85524,17.229,18.0377,0.8087
89.527838,28.853957,16.7812,17.3024,0.5212
89.544006,28.853731,17.038,17.9041,0.8661
89.555187,28.852851,14.9654,15.6809,0.7155
89.634569,28.853134,16.8912,17.6105,0.7193
89.285365,28.851052,14.6222,15.2247,0.6025
89.72528,28.853299,16.7959,17.8251,1.0292
89.543993,28.853728,17.0588,17.9041,0.8453
89.321109,28.851425,16.6333,17.5572,0.9239
89.775558,28.852438,16.2335,16.9479,0.7144
89.632426,28.851545,13.8887,14.5909,0.7022
89.632415,28.851546,13.8887,14.5909,0.7022
89.53862,28.850757,14.1178,14.8922,0.7744
89.246458,28.850518,17.2418,18.4412,1.1994
89.753225,28.852426,17.3253,18.2904,0.9651
89.753228,28.852425,17.3252,18.2904,0.9652
89.434175,28.851502,17.6649,18.542,0.8771
89.794029,28.852128,16.1941,16.6837,0.4896
89.55035,28.850519,13.6547,14.5149,0.8602
89.824483,28.852158,17.4259,18.1533,0.7274
89.665999,28.851676,17.7546,18.6095,0.8549
89.615967,28.85139,17.1585,17.935,0.7765
89.545674,28.851124,17.6654,18.4703,0.8049
89.742138,28.851084,14.7297,15.819,1.0893
89.578854,28.850353,15.2608,16.4452,1.1844
89.482657,28.850078,15.2002,16.0711,0.8709
89.459133,28.849916,16.112,16.9761,0.8641
89.377691,28.850089,17.3738,18.2151,0.8413
89.685963,28.850244,16.2572,17.5142,1.257
89.783594,28.850497,17.2841,18.1148,0.8307
89.469901,28.849011,15.968,16.6955,0.7275
89.280418,28.848051,17.0074,17.7838,0.7764
89.767001,28.849518,15.4547,16.8187,1.364
89.650738,28.848811,15.5795,16.3458,0.7663
89.650768,28.84881,15.5829,16.3458,0.7629
89.467677,28.848798,16.8899,17.6963,0.8064
89.315009,28.847408,16.1542,17.0398,0.8856
89.607386,28.849064,17.5838,18.5169,0.9331
89.698547,28.847644,13.6181,14.5756,0.9575
89.389761,28.846574,13.5281,14.1138,0.5857
89.790199,28.848259,16.4725,17.1805,0.708
89.770728,28.848391,17.052,18.0264,0.9744
89.728269,28.848536,17.5494,18.3781,0.8287
89.681106,28.847854,17.3087,18.1727,0.864
89.510695,28.846514,15.3281,15.913,0.5849
89.429752,28.846608,17.4971,18.325,0.8279
89.266622,28.845444,16.8625,17.6428,0.7803
89.774554,28.847065,16.7747,17.6332,0.8585
89.521396,28.845901,17.6653,18.4057,0.7404
89.810697,28.846214,15.5556,16.1879,0.6323
89.709664,28.846344,16.6048,17.3485,0.7437
89.507895,28.843427,13.8162,14.5238,0.7076
89.507903,28.843433,13.8159,14.5238,0.7079
89.389792,28.846578,13.528,14.1138,0.5858
89.698562,28.847644,13.618,14.5756,0.9576
89.641295,28.845462,17.473,18.1482,0.6752
89.48274,28.844213,16.1805,17.1212,0.9407
89.482709,28.844218,16.181,17.1212,0.9402
89.439335,28.843792,14.7429,15.2151,0.4722
89.432471,28.844337,17.2332,18.1477,0.9145
89.312933,28.843598,16.5757,17.4007,0.825
89.243723,28.843091,17.8483,18.7442,0.8959
89.291788,28.842091,13.4481,14.3323,0.8842
89.2416,28.842409,16.5104,17.2877,0.7773
89.687455,28.844223,15.6277,17.0065,1.3788
89.472651,28.843049,13.9069,14.7501,0.8432
89.291787,28.84209,13.4481,14.3323,0.8842
89.315724,28.841604,17.1221,18.1112,0.9891
89.254496,28.840208,15.3041,16.4803,1.1762
89.313051,28.840807,16.8295,17.4783,0.6488
89.811232,28.842069,14.6524,14.9981,0.3457
89.553591,28.841756,16.8321,17.5633,0.7312
89.241536,28.840459,17.5374,18.6764,1.139
89.359497,28.839013,16.5102,17.2109,0.7007
89.672947,28.841295,17.177,18.1069,0.9299
89.783087,28.841465,17.2501,18.2265,0.9764
89.713096,28.841104,18.0115,18.5369,0.5254
89.544366,28.840175,16.2238,17.0075,0.7837
89.595134,28.840262,17.5104,18.1832,0.6728
89.461197,28.838822,15.0219,16.6319,1.61
89.359492,28.839015,16.5093,17.2109,0.7016
89.694423,28.840288,16.9922,17.8,0.8078
89.668408,28.840125,16.5519,17.618,1.0661
89.660003,28.840048,17.1414,18.1218,0.9804
89.558924,28.839519,17.1283,17.9298,0.8015
89.298281,28.838393,17.4967,18.187,0.6903
89.549044,28.838208,15.3262,16.071,0.7448
89.480934,28.837924,15.7735,16.808,1.0345
89.660915,28.838105,16.2204,17.1607,0.9403
89.738449,28.838379,16.7354,17.6704,0.935
89.344644,28.836374,15.5084,16.2834,0.775
89.64456,28.837731,17.4057,18.3929,0.9872
89.756351,28.836669,13.1873,13.8119,0.6246
89.638706,28.837464,16.9862,17.7763,0.7901
89.274586,28.835652,16.5913,17.4186,0.8273
89.247523,28.835186,17.0864,18.3643,1.2779
89.333152,28.835938,17.2142,18.0682,0.854
89.615745,28.836634,15.3064,15.9981,0.6917
89.384913,28.835845,16.6358,17.3613,0.7255
89.658859,28.836409,16.2118,17.214,1.0022
89.247515,28.835187,17.0864,18.3643,1.2779
89.300621,28.833436,15.2674,16.2235,0.9561
89.759751,28.834822,16.9173,17.7535,0.8362
89.75975,28.834822,16.9173,17.7535,0.8362
89.274145,28.832921,17.0371,17.9044,0.8673
89.647419,28.834184,16.8558,18.1602,1.3044
89.827299,28.833326,13.9692,14.3454,0.3762
89.762729,28.833898,16.1046,16.8196,0.715
89.762714,28.833901,16.1044,16.8196,0.7152
89.630581,28.833753,17.6418,18.7102,1.0684
89.543201,28.833016,15.9645,16.8952,0.9307
89.280224,28.831569,17.1909,17.884,0.6931
89.67399,28.832684,15.4968,16.3424,0.8456
89.428035,28.831525,16.7311,17.5908,0.8597
89.42805,28.831524,16.7309,17.5908,0.8599
89.67399,28.832684,15.4968,16.3424,0.8456
89.539456,28.831844,17.5736,18.5404,0.9668
89.615163,28.831727,16.0569,16.5882,0.5313
89.311646,28.830479,17.0184,17.8204,0.802
89.391655,28.828495,10.9591,11.2282,0.2691
89.553928,28.830524,17.0751,17.9745,0.8994
89.45762,28.829545,16.0657,17.1944,1.1287
89.818134,28.830632,16.9896,17.6462,0.6566
89.779628,28.830352,15.7705,16.7132,0.9427
89.64235,28.829452,14.7086,15.277,0.5684
89.386129,28.828319,15.2134,16.263,1.0496
89.375278,28.8289,16.6277,17.2788,0.6511
89.810311,28.8299,14.9629,15.6767,0.7138
89.386127,28.82832,15.2134,16.263,1.0496
89.824428,28.829776,16.4123,17.2032,0.7909
89.277309,28.82752,16.1666,17.4228,1.2562
89.363324,28.828168,17.3539,18.0396,0.6857
89.623192,28.828001,15.0099,15.5839,0.574
89.346909,28.827332,17.2004,18.1037,0.9033
89.802483,28.829084,17.3741,17.9834,0.6093
89.377109,28.827096,16.1767,17.0595,0.8828
89.35659,28.82735,17.1992,17.9104,0.7112
89.784635,28.827612,13.5796,14.226,0.6464
89.269791,28.824603,14.9241,16.1102,1.1861
89.779871,28.827307,17.1422,18.3172,1.175
89.269789,28.824605,14.9117,16.1102,1.1985
89.439772,28.825287,17.0098,17.814,0.8042
89.294115,28.823753,14.3077,15.1874,0.8797
89.443758,28.824678,15.876,16.6507,0.7747
89.443738,28.824681,15.8806,16.6507,0.7701
89.680017,28.825555,16.2069,16.802,0.5951
89.650288,28.825535,17.0692,17.7731,0.7039
89.490575,28.824302,15.8468,16.7647,0.9179
89.740865,28.824791,15.3191,16.0899,0.7708
89.812508,28.825073,16.7713,17.9659,1.1946
89.4831,28.82323,14.7485,15.9142,1.1657
89.455533,28.823852,17.3483,18.0486,0.7003
89.70961,28.824236,16.4515,17.1579,0.7064
89.4833,28.821375,15.6147,16.2999,0.6852
89.751049,28.823856,17.6285,18.3923,0.7638
89.584629,28.823098,17.5735,18.3838,0.8103
89.382067,28.821248,15.4405,16.3118,0.8713
89.349152,28.82105,15.908,17.1641,1.2561
89.498787,28.821918,17.0059,18.1079,1.102
89.683059,28.821962,15.1664,15.8197,0.6533
89.472174,28.820934,15.6809,16.4694,0.7885
89.30631,28.820345,16.6082,17.3961,0.7879
89.626114,28.821463,17.1545,18.1204,0.9659
89.661415,28.820206,15.6847,16.3706,0.6859
89.490536,28.820641,17.005,17.9276,0.9226
89.408852,28.820169,17.3011,17.8334,0.5323
89.244573,28.819031,16.825,17.5267,0.7017
89.661417,28.820206,15.6846,16.3706,0.686
89.558626,28.820007,16.1091,16.8874,0.7783
89.558635,28.820009,16.1089,16.8874,0.7785
89.590298,28.819831,17.7564,18.4555,0.6991
89.396,28.818846,17.089,18.0738,0.9848
89.712835,28.81988,17.6247,18.4296,0.8049
89.468256,28.818006,16.3794,17.302,0.9226
89.432908,28.817586,15.5428,16.1506,0.6078
89.635858,28.818348,17.4775,18.2709,0.7934
89.659584,28.818132,17.1703,18.1186,0.9483
89.806076,28.818093,16.8956,17.5198,0.6242
89.248398,28.815441,14.9362,15.7343,0.7981
89.603496,28.816854,15.9843,16.8678,0.8835
89.751487,28.81741,17.1421,17.8831,0.741
89.480756,28.816417,16.7144,17.5832,0.8688
89.368225,28.815368,15.9717,17.3783,1.4066
89.646416,28.816495,16.5813,17.2679,0.6866
89.524288,28.81596,16.2724,16.9996,0.7272
89.471041,28.815894,16.8514,17.8451,0.9937
89.288306,28.814664,17.1378,18.0303,0.8925
89.251692,28.814708,17.7987,18.6142,0.8155
89.760646,28.816504,16.5099,17.4979,0.988
89.635771,28.816257,17.7268,18.6546,0.9278
89.556142,28.815958,17.1771,17.9103,0.7332
89.284284,28.81379,16.4718,17.1321,0.6603
89.704908,28.815131,16.6765,17.9393,1.2628
89.622863,28.814981,16.7552,17.5768,0.8216
89.559654,28.813893,15.3345,15.8458,0.5113
89.536131,28.81445,17.3961,18.1452,0.7491
89.522828,28.814173,16.5849,18.0168,1.4319
89.773268,28.814662,17.5447,18.4539,0.9092
89.722611,28.813967,15.7534,16.3392,0.5858
89.335067,28.81223,15.5784,16.6033,1.0249
89.480598,28.81296,17.4603,18.4134,0.9531
89.318838,28.810883,14.2001,15.4088,1.2087
89.778586,28.813298,16.7551,17.5337,0.7786
89.454075,28.812088,16.6713,17.4631,0.7918
89.243155,28.811312,17.7641,18.5024,0.7383
89.744598,28.813041,16.5239,17.2083,0.6844
89.699887,28.813066,17.9856,18.6744,0.6888
89.667442,28.81214,14.7947,15.7229,0.9282
89.325911,28.811026,17.0614,18.0149,0.9535
89.390034,28.811116,17.7604,18.4384,0.678
89.774592,28.8122,17.0187,17.7606,0.7419
89.75255,28.812146,16.4196,17.4719,1.0523
89.749918,28.810917,13.8395,15.011,1.1715
89.678304,28.811716,16.9061,17.9324,1.0263
89.371574,28.810325,17.2987,18.5936,1.2949
89.289865,28.80944,14.024,14.8944,0.8704
89.76793,28.811733,16.8386,17.7376,0.899
89.62193,28.810945,15.4831,16.6076,1.1245
89.451453,28.810599,16.9845,17.7256,0.7411
89.44182,28.810463,17.632,18.5398,0.9078
89.705278,28.810539,17.6668,18.3772,0.7104
89.579986,28.810068,17.4616,18.4479,0.9863
89.465775,28.809501,17.4699,18.3194,0.8495
89.802838,28.809314,17.1429,18.1777,1.0348
89.625703,28.809167,15.79,16.376,0.586
89.526274,28.808727,16.17,16.9397,0.7697
89.802835,28.809315,17.1403,18.1777,1.0374
89.292121,28.806858,15.9174,17.2133,1.2959
89.771961,28.807943,13.8793,14.4865,0.6072
89.734096,28.808928,17.3154,18.0555,0.7401
89.567884,28.807251,13.285,13.6277,0.3427
89.64041,28.808257,15.9477,16.8107,0.863
89.520465,28.807892,17.1512,18.0177,0.8665
89.779956,28.808121,15.2757,16.4749,1.1992
89.522687,28.807412,17.6324,18.4824,0.85
89.243853,28.805498,15.9317,16.8206,0.8889
89.504161,28.806437,15.3704,16.7626,1.3922
89.522695,28.807411,17.6339,18.4824,0.8485
89.490986,28.806546,16.2823,17.0911,0.8088
89.263687,28.805247,16.1576,16.8594,0.7018
89.453184,28.806356,17.2803,18.3601,1.0798
89.450455,28.806087,16.4515,17.316,0.8645
89.410582,28.806155,17.7467,18.5478,0.8011
89.624889,28.806603,12.9717,13.4781,0.5064
89.751174,28.806113,16.1619,16.9059,0.744
89.702109,28.805803,15.5163,15.9929,0.4766
89.481661,28.805323,17.0562,18.0888,1.0326
89.345372,28.804718,16.9929,17.6616,0.6687
89.397603,28.804853,17.0866,18.1663,1.0797
89.245802,28.803317,15.3175,15.8455,0.528
89.810133,28.806191,17.6485,18.4534,0.8049
89.304644,28.803487,15.938,16.687,0.749
89.779451,28.805576,17.6087,18.3503,0.7416
89.63618,28.8049,16.882,17.7007,0.8187
89.527398,28.80427,15.4771,16.3741,0.897
89.81228,28.805343,17.5007,18.0487,0.548
89.658024,28.803672,13.2186,14.02,0.8014
89.610099,28.803796,13.8521,14.5767,0.7246
89.658009,28.803674,13.2193,14.02,0.8007
89.443335,28.802315,12.2253,12.6047,0.3794
89.38079,28.802185,13.3471,13.6966,0.3495
89.471445,28.803281,15.9028,16.808,0.9052
89.443327,28.802313,12.2253,12.6047,0.3794
89.430261,28.803253,17.0556,17.6945,0.6389
89.53722,28.802744,16.6623,17.5377,0.8754
89.537245,28.802743,16.6633,17.5377,0.8744
89.653497,28.803678,17.7139,18.6167,0.9028
89.797571,28.803562,16.8986,17.6915,0.7929
89.400711,28.802106,16.4916,17.3717,0.8801
89.293752,28.801664,17.5459,18.3184,0.7725
89.643706,28.802887,16.3246,17.1598,0.8352
89.272686,28.800586,16.501,17.8675,1.3665
89.447007,28.801243,15.8024,16.5397,0.7373
89.561155,28.801486,16.9274,17.747,0.8196
89.561154,28.801485,16.9275,17.747,0.8195
89.300272,28.799162,12.2017,12.5439,0.3422
89.571335,28.801024,16.5376,17.3119,0.7743
89.454434,28.800036,14.956,15.4568,0.5008
89.71058,28.801434,17.8066,18.3966,0.59
89.573515,28.799947,15.7228,16.2425,0.5197
89.537933,28.800191,17.4815,18.2426,0.7611
89.490203,28.800229,17.5853,18.3177,0.7324
89.434787,28.799246,15.1519,16.4915,1.3396
89.783613,28.801062,17.739,18.8691,1.1301
89.786181,28.800434,16.0958,16.8435,0.7477
89.568651,28.799749,17.4591,18.1025,0.6434
89.540074,28.799686,17.3209,18.1371,0.8162
89.461793,28.798832,16.1849,17.1306,0.9457
89.815805,28.800069,16.2521,16.7595,0.5074
89.774674,28.799866,17.1253,17.8964,0.7711
89.559542,28.799249,17.6478,18.8816,1.2338
89.356503,28.798158,17.3025,18.2259,0.9234
89.298468,28.797163,15.53,16.1367,0.6067
89.813779,28.79857,14.928,16.2875,1.3595
89.620652,28.79895,17.2364,18.1502,0.9138
89.444014,28.797819,16.4905,17.3139,0.8234
89.817788,28.796904,16.4931,17.2133,0.7202
89.771855,28.796626,17.7101,18.3758,0.6657
89.602593,28.796164,17.0678,17.9143,0.8465
89.539411,28.795396,15.7383,16.4589,0.7206
89.542846,28.794786,16.0956,17.2197,1.1241
89.347449,28.793348,13.9151,14.4213,0.5062
89.266336,28.793477,17.3741,18.3488,0.9747
89.750283,28.795262,16.3755,17.1971,0.8216
89.539419,28.795394,15.7386,16.4589,0.7203
89.433351,28.794446,17.1912,17.9929,0.8017
89.526975,28.794528,17.3002,18.2016,0.9014
89.756899,28.794655,15.0244,16.1637,1.1393
89.258491,28.793105,17.4957,18.3476,0.8519
89.680621,28.794354,17.6054,18.4468,0.8414
89.593051,28.793857,17.0293,17.9505,0.9212
89.322221,28.792346,16.5843,17.6087,1.0244
89.439255,28.792214,16.8481,18.2491,1.401
89.273966,28.790434,16.7841,17.6264,0.8423
89.473955,28.792125,16.7429,17.4656,0.7227
89.73116,28.79206,14.6887,15.1698,0.4811
89.791049,28.792808,17.5645,18.4856,0.9211
89.749945,28.79273,17.3331,18.2596,0.9265
89.477039,28.791723,17.132,17.9343,0.8023
89.359105,28.790745,14.7607,15.1971,0.4364
89.273987,28.790439,16.7874,17.6264,0.839
89.688169,28.792283,17.693,18.6697,0.9767
89.392067,28.790581,17.2876,17.9166,0.629
89.580568,28.79106,17.2377,18.1075,0.8698
89.259771,28.789281,16.5669,17.7326,1.1657
89.795718,28.791356,16.2966,16.9199,0.6233
89.669345,28.791247,17.5232,18.3578,0.8346
89.444642,28.790013,15.3076,16.4929,1.1853
89.799522,28.790995,15.7757,16.6996,0.9239
89.741262,28.7909,16.8265,17.4446,0.6181
89.685459,28.790685,16.6683,17.5444,0.8761
89.66602,28.790355,15.3041,16.0297,0.7256
89.665988,28.790353,15.3041,16.0297,0.7256
89.363831,28.788729,14.8269,15.569,0.7421
89.743147,28.789797,14.8487,15.5799,0.7312
89.712255,28.789856,15.8003,16.4951,0.6948
89.69382,28.789887,15.4984,16.7563,1.2579
89.678671,28.78978,15.8327,16.5461,0.7134
89.69952,28.789793,16.1091,17.0564,0.9473
89.618916,28.789669,17.208,18.0529,0.8449
89.305722,28.788026,17.5706,18.4622,0.8916
89.241836,28.787191,15.0896,15.8406,0.751
89.77105,28.78922,15.7202,16.4948,0.7746
89.606835,28.788826,16.223,16.9571,0.7341
89.819299,28.789445,17.2831,18.0601,0.777
89.638918,28.788474,15.4618,16.0469,0.5851
89.370376,28.787472,16.1138,16.8144,0.7006
89.746724,28.788973,16.3754,17.3499,0.9745
89.672489,28.788088,15.1983,15.9091,0.7108
89.487116,28.787554,17.5219,18.2192,0.6973
89.52788,28.787358,16.8045,17.5561,0.7516
89.43917,28.786504,16.3142,17.0107,0.6965
89.761709,28.787742,17.511,18.4298,0.9188
89.268157,28.785498,17.4076,18.3999,0.9923
89.73803,28.787169,16.6482,17.3087,0.6605
89.38696,28.785514,15.2111,16.016,0.8049
89.649478,28.785779,13.4342,14.0153,0.5811
89.363679,28.785118,15.2264,15.8482,0.6218
89.673252,28.785608,16.5826,17.4723,0.8897
89.784554,28.785654,16.2198,17.0288,0.809
89.400565,28.782705,14.0312,15.1523,1.1211
89.346353,28.782768,16.1371,16.9753,0.8382
89.707235,28.783362,15.5714,16.4197,0.8483
89.243685,28.782028,17.4058,18.2559,0.8501
89.707241,28.783362,15.5714,16.4197,0.8483
89.559331,28.78259,15.5627,16.2599,0.6972
89.75775,28.783242,15.9899,16.5075,0.5176
89.637696,28.78168,13.1147,14.0926,0.9779
89.491331,28.782016,16.0838,16.8238,0.74
89.365653,28.781308,15.7433,16.4282,0.6849
89.613448,28.780041,15.3503,16.0644,0.7141
89.292682,28.779784,17.2827,18.2066,0.9239
89.464799,28.7803,17.0624,17.7178,0.6554
89.613454,28.780041,15.3503,16.0644,0.7141
89.347426,28.779409,17.0973,17.9188,0.8215
89.276515,28.77852,15.4409,16.2685,0.8276
89.491428,28.779023,15.658,16.6435,0.9855
89.389992,28.778686,16.4704,17.536,1.0656
89.671929,28.778537,14.1964,15.8411,1.6447
89.463,28.777932,14.3732,15.4551,1.0819
89.386015,28.778314,17.8224,18.5627,0.7403
89.471455,28.778367,17.359,18.2493,0.8903
89.543397,28.77801,15.5268,16.2739,0.7471
89.297347,28.777261,17.501,18.1749,0.6739
89.405043,28.777282,17.0004,17.8081,0.8077
89.517772,28.777397,17.325,18.6412,1.3162
89.634372,28.777287,15.5783,16.3378,0.7595
89.622835,28.777522,16.6264,17.3745,0.7481
89.312205,28.776171,17.2157,18.2538,1.0381
89.422184,28.776289,16.0198,16.6789,0.6591
89.805076,28.777073,16.5072,17.2463,0.7391
89.66889,28.776745,17.1146,17.9129,0.7983
89.557823,28.776467,17.1904,17.9257,0.7353
89.813728,28.775794,13.4318,14.1612,0.7294
89.678816,28.776537,16.836,17.7847,0.9487
89.683569,28.776393,17.5184,18.346,0.8276
89.758295,28.77568,14.5206,15.2949,0.7743
89.513508,28.775268,16.7625,17.7921,1.0296
89.674817,28.775649,16.5616,17.3026,0.741
89.740568,28.77584,17.349,18.162,0.813
89.301526,28.773704,17.0582,18.0217,0.9635
89.373223,28.77401,17.6412,18.5594,0.9182
89.523219,28.77398,16.915,18.0707,1.1557
89.300197,28.772255,15.6532,16.4369,0.7837
89.697606,28.774169,17.6932,18.592,0.8988
89.523225,28.773988,16.9163,18.0707,1.1544
89.630482,28.773794,17.1656,17.8756,0.71
89.48889,28.772648,15.8142,16.5467,0.7325
89.300223,28.772259,15.6466,16.4369,0.7903
89.45423,28.772371,17.4083,18.1155,0.7072
89.780027,28.773368,17.8469,19.1655,1.3186
89.783277,28.772421,14.6152,15.1515,0.5363
89.70316,28.772396,17.0149,17.9691,0.9542
89.328064,28.770137,17.0296,18.0771,1.0475
89.478016,28.770489,15.8266,16.4668,0.6402
89.387799,28.76963,15.7536,16.4617,0.7081
89.312492,28.769617,16.7266,17.3662,0.6396
89.748017,28.771308,17.342,18.1292,0.7872
89.813158,28.771186,17.6835,18.5299,0.8464
89.495418,28.769937,16.477,17.3565,0.8795
89.49305,28.76984,15.9999,16.7797,0.7798
89.698803,28.770767,17.4068,18.494,1.0872
89.493053,28.769841,15.9997,16.7797,0.78
89.703007,28.770178,15.9929,16.7267,0.7338
89.657782,28.769402,16.3246,17.2231,0.8985
89.596481,28.76957,17.318,18.1561,0.8381
89.502219,28.768674,17.549,18.2761,0.7271
89.737785,28.767711,15.1504,16.2358,1.0854
89.762075,28.767622,13.6141,14.2952,0.6811
89.688304,28.768568,17.1135,17.9836,0.8701
89.393172,28.765961,12.4302,13.4692,1.039
89.801145,28.768474,17.474,18.3819,0.9079
89.737787,28.767711,15.1504,16.2358,1.0854
89.568963,28.767759,17.5367,18.6245,1.0878
89.811443,28.768276,17.3859,18.4158,1.0299
89.435159,28.766925,17.537,18.3708,0.8338
89.422291,28.766461,16.5823,17.4518,0.8695
89.678739,28.766887,16.5147,17.3337,0.819
89.252203,28.764854,15.5864,16.3155,0.7291
89.241423,28.764895,17.0078,17.951,0.9432
89.48198,28.765698,17.6648,18.3297,0.6649
89.472026,28.765226,15.7536,16.3718,0.6182
89.695399,28.766074,17.6354,18.4103,0.7749
89.665251,28.765846,17.6264,18.4605,0.8341
89.394261,28.764032,13.8508,14.4874,0.6366
89.41337,28.764584,16.8287,17.7092,0.8805
89.257962,28.763141,15.8915,16.7033,0.8118
89.502713,28.763894,13.9359,14.345,0.4091
89.823625,28.765293,16.734,17.5184,0.7844
89.477062,28.763589,14.7241,15.205,0.4809
89.587501,28.763889,14.4979,15.7801,1.2822
89.373916,28.763044,16.5932,17.385,0.7918
89.447923,28.763456,16.3585,17.1357,0.7772
89.440963,28.763337,16.8117,17.6813,0.8696
89.770725,28.763728,15.741,16.8331,1.0921
89.39423,28.76403,13.8509,14.4874,0.6365
89.309489,28.761802,16.5066,17.5219,1.0153
89.460615,28.762294,15.5086,16.5954,1.0868
89.399242,28.761757,13.9067,15.4056,1.4989
89.268506,28.761565,16.3543,17.2175,0.8632
89.309494,28.761804,16.5066,17.5219,1.0153
89.304386,28.761565,16.3456,17.2472,0.9016
89.761113,28.763259,16.2163,17.2605,1.0442
89.692444,28.7625,14.8319,15.4767,0.6448
89.570286,28.761841,15.8282,16.3573,0.5291
89.541767,28.762096,17.4332,18.3071,0.8739
89.695775,28.762206,16.0335,16.9025,0.869
89.34172,28.760526,15.7605,16.4234,0.6629
89.74778,28.762005,15.774,16.5477,0.7737
89.747789,28.762008,15.774,16.5477,0.7737
89.465531,28.760932,14.9174,15.3931,0.4757
89.379348,28.760681,16.702,17.4106,0.7086
89.270886,28.760503,17.8371,18.6815,0.8444
89.824484,28.762148,15.9003,16.7925,0.8922
89.620745,28.761558,16.1511,17.0701,0.919
89.244624,28.759124,14.388,15.0415,0.6535
89.430362,28.760456,16.2116,16.7439,0.5323
89.411883,28.760332,15.5623,16.2711,0.7088
89.819816,28.761549,15.205,15.6449,0.4399
89.313894,28.759749,16.4068,17.2348,0.828
89.474479,28.760019,15.2924,15.9883,0.6959
89.549656,28.76061,17.0667,17.9187,0.852
89.769719,28.760989,17.2634,18.1126,0.8492
89.317413,28.758603,15.1486,15.7774,0.6288
89.489011,28.759878,17.666,18.5227,0.8567
89.695942,28.75997,16.9631,17.8028,0.8397
89.547849,28.759178,15.188,15.8297,0.6417
89.287839,28.757743,17.1579,18.2282,1.0703
89.410502,28.758178,16.9378,17.7838,0.846
89.326256,28.757891,17.8822,18.3991,0.5169
89.818524,28.759579,17.1127,17.8596,0.7469
89.730714,28.758756,16.5582,18.0349,1.4767
89.413236,28.756179,12.8318,14.0547,1.2229
89.247281,28.755701,13.8767,14.5662,0.6895
89.260112,28.755979,15.4216,16.5845,1.1629
89.299802,28.755301,13.2095,13.922,0.7125
89.616588,28.756693,14.9708,15.6311,0.6603
89.773119,28.757012,15.983,17.0379,1.0549
89.557762,28.75665,16.9245,18.1863,1.2618
89.413225,28.756176,12.8319,14.0547,1.2228
89.287248,28.754482,16.4392,17.4259,0.9867
89.608558,28.754523,11.4538,12.7141,1.2603
89.569899,28.755717,17.5344,18.4243,0.8899
89.405811,28.754795,16.9977,17.7613,0.7636
89.718659,28.755585,15.723,17.0434,1.3204
89.575428,28.755046,15.493,16.135,0.642
89.43933,28.754608,16.2959,17.0306,0.7347
89.667332,28.755188,16.4226,16.9951,0.5725
89.313433,28.753079,13.5425,13.9773,0.4348
89.477985,28.754105,15.9313,17.1586,1.2273
89.430286,28.754014,17.6444,18.2366,0.5922
89.568008,28.752265,15.0266,15.7951,0.7685
89.775128,28.7542,17.3924,18.3346,0.9422
89.633631,28.753336,15.7221,16.2967,0.5746
89.658537,28.753216,17.2929,18.1178,0.8249
89.568015,28.752269,15.0266,15.7951,0.7685
89.719956,28.752836,17.4122,18.212,0.7998
89.81522,28.752514,16.2473,16.8568,0.6095
89.817954,28.752578,17.7955,18.7689,0.9734
89.5152,28.750664,14.2136,14.8196,0.606
89.483477,28.751162,16.4115,17.2971,0.8856
89.6607,28.751696,16.9109,17.9673,1.0564
89.333788,28.75029,17.0081,17.8884,0.8803
89.571668,28.750946,15.9213,16.9268,1.0055
89.414746,28.750199,17.0051,17.7297,0.7246
89.398793,28.750309,17.3573,18.2232,0.8659
89.7942,28.751485,17.4965,18.3336,0.8371
89.255911,28.748713,15.7646,16.6078,0.8432
89.255889,28.748713,15.763,16.6078,0.8448
89.695129,28.750715,16.206,16.9532,0.7472
89.560683,28.750507,17.6286,18.1717,0.5431
89.396513,28.749148,17.3742,18.1548,0.7806
89.807074,28.750051,15.563,16.2873,0.7243
89.744951,28.749499,16.2058,16.8599,0.6541
89.707381,28.749439,15.9914,16.7274,0.736
89.646929,28.748611,15.064,15.8201,0.7561
89.505135,28.747587,15.4893,16.0639,0.5746
89.377042,28.74611,15.5375,16.3634,0.8259
89.377033,28.74611,15.5381,16.3634,0.8253
89.330024,28.745278,14.4218,15.5163,1.0945
89.330024,28.745278,14.4218,15.5163,1.0945
89.344673,28.745583,14.5741,15.4615,0.8874
89.65658,28.747,16.327,17.2237,0.8967
89.703979,28.746534,15.4892,16.0937,0.6045
89.499361,28.745956,17.0971,18.0974,1.0003
89.724873,28.745934,15.7463,16.3293,0.583
89.408418,28.744938,16.4016,17.2037,0.8021
89.808511,28.746011,16.9198,17.7576,0.8378
89.589668,28.744835,16.2129,16.9582,0.7453
89.710457,28.744808,14.9186,15.5739,0.6553
89.61067,28.745063,16.9792,17.9149,0.9357
89.501885,28.743979,16.7026,17.5633,0.8607
89.478947,28.743936,16.9676,17.9466,0.979
89.265692,28.742315,13.9206,14.5966,0.676
89.804143,28.744172,13.7038,14.5778,0.874
89.29862,28.742677,16.4995,17.3879,0.8884
89.323281,28.742513,15.6565,16.5447,0.8882
89.482648,28.74299,17.3178,18.2768,0.959
89.377002,28.742357,16.4554,17.2602,0.8048
89.38897,28.74273,17.519,18.4067,0.8877
89.31362,28.741333,15.0099,15.9227,0.9128
89.482656,28.74299,17.3178,18.2768,0.959
89.366414,28.740752,15.6608,16.5949,0.9341
89.451249,28.740966,16.0663,17.2145,1.1482
89.341669,28.740791,17.5425,18.5428,1.0003
89.533659,28.740413,15.1067,15.7082,0.6015
89.436505,28.739722,13.4834,14.395,0.9116
89.356395,28.739785,16.3678,17.049,0.6812
89.400827,28.739809,17.471,18.3804,0.9094
89.672422,28.740546,16.2482,16.9146,0.6664
89.493784,28.739824,17.4699,18.3933,0.9234
89.819868,28.740149,15.1958,15.9037,0.7079
89.502407,28.739126,16.0978,16.9312,0.8334
89.403014,28.739001,17.5166,18.1972,0.6806
89.457696,28.738944,17.4488,18.3394,0.8906
89.42495,28.738498,16.001,17.3259,1.3249
89.603145,28.738836,15.2338,16.1225,0.8887
89.510343,28.738686,17.0472,17.8617,0.8145
89.424944,28.738503,16.0012,17.3259,1.3247
89.488027,28.738024,16.3685,16.9789,0.6104
89.598418,28.738179,16.273,17.1397,0.8667
89.506813,28.737447,17.2702,18.5606,1.2904
89.464007,28.737254,17.3391,18.4757,1.1366
89.458762,28.737071,16.9329,17.6066,0.6737
89.30576,28.735676,16.0404,17.1311,1.0907
89.71787,28.736397,12.4273,12.9307,0.5034
89.556764,28.736608,16.2955,17.072,0.7765
89.815778,28.737599,16.924,17.6596,0.7356
89.80499,28.737303,17.2726,18.092,0.8194
89.694685,28.736925,16.6989,17.6386,0.9397
89.709913,28.736806,16.8201,17.6914,0.8713
89.265014,28.734695,15.9543,16.8121,0.8578
89.803526,28.736288,16.7694,17.4897,0.7203
89.626702,28.736017,17.3383,18.254,0.9157
89.696897,28.734937,15.3318,16.0796,0.7478
89.538913,28.734185,15.8763,16.6396,0.7633
89.262545,28.732973,16.1117,16.8961,0.7844
89.622856,28.733073,11.6075,12.0519,0.4444
89.509047,28.734369,17.7888,18.5846,0.7958
89.540939,28.733811,16.5844,17.3579,0.7735
89.492776,28.733326,15.9395,16.5636,0.6241
89.603922,28.733807,17.2803,18.0888,0.8085
89.540577,28.732003,15.6988,16.5712,0.8724
89.479757,28.732062,16.0084,17.3201,1.3117
89.275484,28.731084,17.5207,18.4461,0.9254
89.275487,28.731085,17.5207,18.4461,0.9254
89.683421,28.732123,16.9111,17.5277,0.6166
89.313949,28.730297,15.4883,16.4309,0.9426
89.61715,28.731588,16.4459,17.0818,0.6359
89.479774,28.732061,16.0123,17.3201,1.3078
89.400586,28.730611,17.9436,18.6035,0.6599
89.353161,28.730094,16.6934,17.643,0.9496
89.788097,28.730924,15.3656,15.8105,0.4449
89.537237,28.73049,17.1945,17.9921,0.7976
89.589411,28.729353,15.6509,16.5048,0.8539
89.768124,28.729373,14.6361,15.0674,0.4313
89.315035,28.728387,17.613,18.4926,0.8796
89.491071,28.728495,15.3745,16.1813,0.8068
89.329492,28.727538,14.8788,15.4226,0.5438
89.69916,28.729098,17.3246,18.3015,0.9769
89.612438,28.728337,14.8631,15.6806,0.8175
89.274386,28.72719,16.8194,18.0758,1.2564
89.343607,28.727238,16.3244,17.0809,0.7565
89.735524,28.72849,17.0186,17.8594,0.8408
89.575566,28.728251,16.8704,17.6862,0.8158
89.518552,28.727341,15.5228,16.0237,0.5009
89.806042,28.7282,16.9596,17.8712,0.9116
89.699161,28.729097,17.3246,18.3015,0.9769
89.419714,28.726744,17.3849,18.5808,1.1959
89.415962,28.726535,16.846,17.7231,0.8771
89.563728,28.726922,16.0393,16.8099,0.7706
89.415968,28.726534,16.846,17.7231,0.8771
89.728843,28.727317,16.4066,17.2376,0.831
89.397533,28.725978,17.3548,18.1039,0.7491
89.779725,28.72739,17.2321,18.0827,0.8506
89.703313,28.727049,16.2904,16.9225,0.6321
89.554517,28.72612,16.1579,17.0916,0.9337
89.757958,28.726912,17.206,17.9048,0.6988
89.748171,28.726846,17.0821,17.7331,0.651
89.518544,28.727341,15.5228,16.0237,0.5009
89.287536,28.724217,14.9903,15.5841,0.5938
89.646973,28.725821,14.9184,15.6295,0.7111
89.509938,28.72517,16.9556,17.7793,0.8237
89.472144,28.724814,17.6832,18.569,0.8858
89.376649,28.723633,14.1026,15.3253,1.2227
89.371381,28.723308,14.309,15.1073,0.7983
89.803571,28.725078,15.3067,15.9767,0.67
89.638506,28.724884,17.8698,18.5464,0.6766
89.406574,28.723885,17.4128,18.2324,0.8196
89.355111,28.723479,17.3201,18.1915,0.8714
89.382377,28.72334,17.6478,18.6527,1.0049
89.29906,28.722701,16.4402,17.6751,1.2349
89.825303,28.723537,17.0228,18.044,1.0212
89.422616,28.722948,15.8623,16.481,0.6187
89.704376,28.723877,17.3028,18.2094,0.9066
89.456461,28.721693,14.3567,15.5579,1.2012
89.825294,28.723536,17.0228,18.044,1.0212
89.796116,28.723553,17.0998,17.8103,0.7105
89.711392,28.723408,17.5816,18.5428,0.9612
89.378209,28.720885,13.522,14.0928,0.5708
89.243355,28.720561,16.9474,17.7312,0.7838
89.758751,28.722674,17.241,18.0362,0.7952
89.521754,28.721991,17.6023,18.4266,0.8243
89.340622,28.720689,15.7504,16.6974,0.947
89.295128,28.719629,14.75,15.5067,0.7567
89.76541,28.720687,15.9775,16.6031,0.6256
89.497945,28.720246,17.2414,18.0815,0.8401
89.442868,28.719635,16.3443,17.1945,0.8502
89.326371,28.718808,15.7349,16.6408,0.9059
89.790426,28.720504,15.6187,16.1565,0.5378
89.456451,28.721699,14.3567,15.5579,1.2012
89.739487,28.719064,13.955,14.4166,0.4616
89.24848,28.716844,14.9344,16.1637,1.2293
89.248465,28.716845,14.9344,16.1637,1.2293
89.612899,28.718759,15.9755,16.6339,0.6584
89.268036,28.717202,16.7144,17.5361,0.8217
89.703802,28.718335,14.6168,15.5903,0.9735
89.781824,28.718654,17.24,17.8591,0.6191
89.612901,28.718757,15.9748,16.6339,0.6591
89.532912,28.71777,17.3421,18.2098,0.8677
89.40325,28.717208,17.2833,18.0657,0.7824
89.511575,28.717136,16.9975,17.8931,0.8956
89.333715,28.715365,17.3741,18.2792,0.9051
89.310397,28.71523,17.6039,18.4647,0.8608
89.695373,28.716247,14.941,15.7735,0.8325
89.55357,28.71612,17.2677,18.0024,0.7347
89.52272,28.716163,17.156,17.9895,0.8335
89.454658,28.715754,17.479,18.2352,0.7562
89.67647,28.715087,12.6284,13.7305,1.1021
89.77731,28.71479,12.2276,12.6186,0.391
89.743097,28.715835,16.6232,17.3765,0.7533
89.614552,28.714637,14.2267,15.5497,1.323
89.610087,28.713569,15.5493,16.7425,1.1932
89.501561,28.713943,16.4977,17.2126,0.7149
89.309132,28.713418,17.3537,18.2284,0.8747
89.777328,28.714784,12.2278,12.6186,0.3908
89.678948,28.714081,16.3255,17.1991,0.8736
89.640039,28.713824,15.6469,16.5504,0.9035
89.534054,28.713685,16.8948,17.6326,0.7378
89.529357,28.713471,15.8068,16.3776,0.5708
89.813692,28.7143,16.6166,17.451,0.8344
89.610073,28.713568,15.5493,16.7425,1.1932
89.813713,28.7143,16.6177,17.451,0.8333
89.732019,28.71302,14.871,15.5397,0.6687
89.439458,28.712339,17.5463,18.3678,0.8215
89.717883,28.712905,16.0121,16.7342,0.7221
89.682611,28.712858,17.4749,18.6101,1.1352
89.646906,28.712195,16.734,17.9605,1.2265
89.325791,28.710265,14.189,14.9047,0.7157
89.489471,28.711281,16.1493,17.0407,0.8914
89.776072,28.711992,15.7224,16.9073,1.1849
89.773504,28.711734,17.211,18.1054,0.8944
89.264076,28.7093,15.6981,16.6468,0.9487
89.745201,28.711266,16.9066,17.7912,0.8846
89.43315,28.709491,14.4565,14.9633,0.5068
89.319177,28.708933,15.3488,15.9595,0.6107
89.409182,28.709357,15.7952,16.3577,0.5625
89.71442,28.710613,16.9659,17.8995,0.9336
89.590586,28.710282,16.7674,17.6196,0.8522
89.735905,28.710621,17.362,18.2206,0.8586
89.570535,28.709944,16.7574,17.3939,0.6365
89.608337,28.709548,15.7099,16.3089,0.599
89.425719,28.708889,15.704,16.4461,0.7421
89.358495,28.708327,14.1745,14.6821,0.5076
89.250245,28.708183,17.1962,18.1726,0.9764
89.341261,28.708168,17.3934,18.3304,0.937
89.765204,28.709677,17.0166,17.6913,0.6747
89.446395,28.708492,17.185,17.9289,0.7439
89.55633,28.70852,16.5275,17.3237,0.7962
89.540787,28.707646,13.9859,15.3235,1.3376
89.731355,28.708008,14.1565,14.8503,0.6938
89.753783,28.7084,17.3982,18.2611,0.8629
89.768176,28.708259,17.1114,17.6867,0.5753
89.432006,28.705689,12.9613,14.3148,1.3535
89.5022,28.706746,16.555,17.3614,0.8064
89.275059,28.705656,17.4665,18.4688,1.0023
89.606476,28.70714,17.9173,18.6753,0.758
89.45001,28.705905,15.0249,16.2645,1.2396
89.63425,28.706701,16.7407,17.6923,0.9516
89.686629,28.706988,17.6192,18.4248,0.8056
89.727277,28.704903,11.1722,12.1972,1.025
89.521603,28.706065,16.9856,17.7121,0.7265
89.796051,28.705661,12.9585,14.1961,1.2376
89.740355,28.706271,16.5654,17.3192,0.7538
89.618723,28.705856,17.0647,18.0025,0.9378
89.801709,28.70619,16.1776,17.0748,0.8972
89.558643,28.705455,17.5172,18.2619,0.7447
89.6912,28.704473,12.8052,13.2629,0.4577
89.542673,28.705083,17.4466,18.2999,0.8533
89.785884,28.704757,15.2723,15.7629,0.4906
89.636638,28.70417,14.2941,15.0232,0.7291
89.563609,28.703437,13.4801,13.8713,0.3912
89.472981,28.703835,16.2366,16.9704,0.7338
89.4873,28.704064,17.7401,18.7056,0.9655
89.633728,28.704173,17.0449,18.0013,0.9564
89.35776,28.702769,17.4992,18.2977,0.7985
89.767873,28.703904,16.6031,17.5433,0.9402
89.749526,28.703745,17.5601,18.46,0.8999
89.782828,28.703551,17.8097,18.9006,1.0909
89.609987,28.702572,16.4362,17.3553,0.9191
89.354209,28.701013,14.446,15.1408,0.6948
89.301248,28.700666,17.2508,18.2505,0.9997
89.421474,28.700979,16.9867,17.7115,0.7248
89.39615,28.700965,16.9422,17.7871,0.8449
89.266464,28.700057,16.8629,17.6987,0.8358
89.483592,28.701105,16.9372,17.7041,0.7669
89.697971,28.701528,16.0547,16.7837,0.729
89.264418,28.699652,16.7285,17.6671,0.9386
89.329064,28.699447,14.8767,16.1343,1.2576
89.793627,28.701218,15.2758,16.3859,1.1101
89.494497,28.700564,17.2221,18.3199,1.0978
89.76293,28.698468,13.3341,14.3567,1.0226
89.688155,28.699716,16.8361,17.9649,1.1288
89.589827,28.69935,17.236,18.0305,0.7945
89.814078,28.699749,17.0776,18.3123,1.2347
89.413152,28.698379,17.1735,18.0685,0.895
89.393888,28.698074,15.9855,16.5553,0.5698
89.264735,28.697071,16.0344,16.783,0.7486
89.246732,28.697088,16.7069,17.342,0.6351
89.76291,28.698466,13.3342,14.3567,1.0225
89.757273,28.699453,17.7397,18.4175,0.6778
89.632479,28.698448,16.0367,16.7455,0.7088
89.794407,28.698672,16.4316,17.3187,0.8871
89.376014,28.697215,17.6257,18.4284,0.8027
89.290957,28.696138,14.8368,15.9285,1.0917
89.681958,28.698172,17.1607,18.2239,1.0632
89.799932,28.698384,16.9591,17.8958,0.9367
89.582631,28.697514,16.9235,17.7712,0.8477
89.47147,28.697233,17.4115,18.3877,0.9762
89.781648,28.698151,17.5526,18.297,0.7444
89.656754,28.697732,17.1921,17.6753,0.4832
89.594629,28.697049,14.7599,15.8484,1.0885
89.769436,28.697738,16.9421,17.8014,0.8593
89.685132,28.69748,17.9714,18.9937,1.0223
89.824062,28.697643,16.9445,17.6624,0.7179
89.501403,28.695964,16.7585,17.6135,0.855
89.519269,28.694868,15.2492,15.9912,0.742
89.509105,28.695244,16.6624,17.3042,0.6418
89.240647,28.693306,16.8295,17.6412,0.8117
89.760234,28.695751,17.9342,18.8377,0.9035
89.573486,28.695024,17.306,18.1454,0.8394
89.771548,28.695212,16.2626,16.9488,0.6862
89.379421,28.69394,17.3435,18.3708,1.0273
89.757578,28.69492,16.1773,16.8254,0.6481
89.73423,28.69467,16.56,17.2208,0.6608
89.737571,28.694349,15.8584,16.3766,0.5182
89.431563,28.693324,16.8986,17.8906,0.992
89.292949,28.692349,16.5716,17.3212,0.7496
89.743845,28.693973,16.5825,17.3011,0.7186
89.643199,28.693004,14.2206,14.7772,0.5566
89.643184,28.693004,14.2207,14.7772,0.5565
89.600965,28.693308,15.9121,16.7979,0.8858
89.589855,28.693059,15.7425,16.4704,0.7279
89.596958,28.692385,14.2786,14.7269,0.4483
89.734222,28.694668,16.5592,17.2208,0.6616
89.406059,28.691993,16.8456,17.5593,0.7137
89.589855,28.693057,15.7425,16.4704,0.7279
89.500688,28.692213,17.4977,18.3754,0.8777
89.752977,28.692651,16.9706,17.7293,0.7587
89.302658,28.689884,14.1983,15.433,1.2347
89.300878,28.687751,13.0181,13.8272,0.8091
89.623817,28.691404,16.4618,17.2763,0.8145
89.749408,28.691429,16.7844,17.5291,0.7447
89.527406,28.690639,17.016,17.8405,0.8245
89.379749,28.689327,17.0074,17.8358,0.8284
89.416399,28.689461,16.6255,17.4148,0.7893
89.379747,28.689327,16.9997,17.8358,0.8361
89.535087,28.689921,17.4117,18.1451,0.7334
89.441769,28.688492,14.8142,16.4931,1.6789
89.784095,28.68961,17.6255,18.2303,0.6048
89.715517,28.689352,17.4332,18.2748,0.8416
89.620265,28.688805,17.5299,18.4112,0.8813
89.481468,28.68832,17.3141,18.6882,1.3741
89.763961,28.688552,15.9017,17.1696,1.2679
89.560125,28.687992,17.4302,18.2616,0.8314
89.787563,28.68858,17.1266,18.4225,1.2959
89.244542,28.685601,15.9887,16.9497,0.961
89.671706,28.68735,16.6099,17.3764,0.7665
89.640195,28.687602,17.8002,18.5826,0.7824
89.598956,28.686969,16.6943,17.5175,0.8232
89.59897,28.686969,16.6942,17.5175,0.8233
89.501104,28.686803,16.2612,16.9323,0.6711
89.280136,28.68544,16.3939,17.2763,0.8824
89.422812,28.686357,16.7771,17.703,0.9259
89.754404,28.686976,16.426,17.1631,0.7371
89.388141,28.685333,17.4293,18.1972,0.7679
89.724641,28.686042,15.6032,16.2403,0.6371
89.371255,28.684888,17.6994,18.4997,0.8003
89.768565,28.685549,16.595,17.2725,0.6775
89.640475,28.68477,16.4607,17.3867,0.926
89.417618,28.684011,17.5719,18.379,0.8071
89.806332,28.685103,16.8936,17.744,0.8504
89.720159,28.684286,15.6707,16.4234,0.7527
89.654461,28.684648,17.7437,18.5431,0.7994
89.790687,28.684754,17.2966,18.2257,0.9291
89.590226,28.683214,14.0906,15.3108,1.2202
89.581202,28.683637,15.1663,15.7902,0.6239
89.561065,28.682937,15.4913,16.3708,0.8795
89.780943,28.682971,14.3636,14.9593,0.5957
89.353173,28.681931,17.1299,17.8782,0.7483
89.650407,28.682813,16.3828,17.1595,0.7767
89.823264,28.68342,17.3511,18.2754,0.9243
89.820409,28.682941,15.9858,16.9338,0.948
89.547824,28.680624,11.1969,12.3755,1.1786
89.526841,28.681454,14.0261,14.8453,0.8192
89.354661,28.681153,16.4922,17.2387,0.7465
89.323691,28.680148,15.3441,16.2743,0.9302
89.643547,28.681088,16.8413,17.9279,1.0866
89.490861,28.680453,17.8516,18.5268,0.6752
89.330943,28.679297,15.656,16.3596,0.7036
89.755884,28.680708,17.6962,18.5613,0.8651
89.467251,28.678551,13.3742,14.2363,0.8621
89.44252,28.678187,13.6837,14.2934,0.6097
89.389292,28.6773,13.7537,14.3476,0.5939
89.43554,28.677271,14.3856,15.7962,1.4106
89.689218,28.678369,15.5554,16.6534,1.098
89.431899,28.677227,15.1218,15.9531,0.8313
89.290348,28.676537,16.5358,17.426,0.8902
89.823651,28.678125,16.5628,17.5769,1.0141
89.55935,28.676959,15.3531,16.2918,0.9387
89.559317,28.676959,15.3506,16.2885,0.9379
89.664313,28.677434,17.0031,17.8147,0.8116
89.243459,28.675053,15.2762,16.0593,0.7831
89.713642,28.676086,11.4103,11.7179,0.3076
89.768691,28.676676,16.4631,17.3314,0.8683
89.499671,28.675864,14.1772,15.311,1.1338
89.796747,28.676507,15.3811,16.5758,1.1947
89.319321,28.675204,17.3189,18.2566,0.9377
89.768702,28.676681,16.4612,17.3314,0.8702
89.536928,28.675883,17.9659,18.6135,0.6476
89.678799,28.67603,17.4255,18.3553,0.9298
89.625519,28.675561,15.8919,16.389,0.4971
89.81095,28.675426,14.868,15.9745,1.1065
89.810947,28.675426,14.868,15.9745,1.1065
89.242882,28.672955,16.3345,16.9074,0.5729
89.720789,28.675315,17.2446,18.073,0.8284
89.692334,28.674311,12.8187,13.3188,0.5001
89.46619,28.673616,16.5275,17.591,1.0635
89.429321,28.672583,16.2097,16.9959,0.7862
89.342137,28.672075,17.5282,18.5062,0.978
89.821582,28.673604,17.3141,18.2037,0.8896
89.706301,28.6721,13.5351,14.1817,0.6466
89.586268,28.672016,16.915,17.8046,0.8896
89.309084,28.670265,15.6153,16.3991,0.7838
89.696513,28.671973,17.7309,18.5311,0.8002
89.489765,28.671175,17.7835,18.3847,0.6012
89.720474,28.67162,16.4531,16.9844,0.5313
89.455697,28.6702,15.8467,16.6512,0.8045
89.37003,28.670174,17.5322,18.6624,1.1302
89.415656,28.670142,17.4883,18.242,0.7537
89.612721,28.670345,15.9997,16.8234,0.8237
89.514645,28.669944,15.6904,16.619,0.9286
89.367993,28.668973,15.7885,16.6028,0.8143
89.817935,28.67028,17.3565,18.3502,0.9937
89.590476,28.669495,15.8344,16.8015,0.9671
89.475086,28.669034,16.5421,17.4929,0.9508
89.463222,28.669185,17.5233,18.4093,0.886
89.711735,28.669302,15.6044,16.5016,0.8972
89.82027,28.669882,16.5032,17.4815,0.9783
89.519093,28.668913,16.8072,17.6865,0.8793
89.416135,28.668379,17.3963,18.3647,0.9684
89.404007,28.667751,15.1414,15.9506,0.8092
89.739125,28.669335,17.0549,17.8247,0.7698
89.543725,28.668518,16.7045,17.3282,0.6237
89.671013,28.668241,14.316,15.617,1.301
89.671013,28.668239,14.316,15.617,1.301
89.428571,28.667189,14.6526,15.2707,0.6181
89.315511,28.667129,17.0057,17.8157,0.81
89.271754,28.66631,14.8404,16.1312,1.2908
89.571869,28.668143,17.0866,18.0993,1.0127
89.338896,28.66665,15.5434,16.4404,0.897
89.338901,28.666656,15.5437,16.4404,0.8967
89.764985,28.667714,15.7589,17.1521,1.3932
89.62814,28.667411,16.315,17.1171,0.8021
89.438308,28.667067,17.678,18.3254,0.6474
89.733491,28.667757,16.3075,17.0332,0.7257
89.327255,28.665612,16.3889,17.2416,0.8527
89.784217,28.667091,16.9888,17.9234,0.9346
89.456125,28.665936,16.6613,17.579,0.9177
89.697007,28.665748,12.2867,13.3433,1.0566
89.673354,28.666425,16.4954,17.2856,0.7902
89.606504,28.666022,17.5967,18.751,1.1543
89.545436,28.665745,17.2685,18.2608,0.9923
89.266566,28.663983,16.3454,17.3122,0.9668
89.637239,28.664692,13.7267,14.7449,1.0182
89.637253,28.664694,13.7266,14.7449,1.0183
89.647527,28.665185,17.4612,18.2601,0.7989
89.268656,28.662282,13.2522,14.0326,0.7804
89.663094,28.663608,12.8948,13.3983,0.5035
89.246198,28.662078,16.2617,17.0525,0.7908
89.74551,28.663459,13.4721,14.1274,0.6553
89.737879,28.664135,17.3697,18.3815,1.0118
89.456594,28.66283,15.781,16.3663,0.5853
89.420802,28.662002,13.6235,14.1572,0.5337
89.406232,28.662667,16.5768,17.6935,1.1167
89.63047,28.663408,16.6851,17.8215,1.1364
89.52062,28.662286,14.3172,15.0092,0.692
89.618733,28.663199,17.4327,18.2464,0.8137
89.588136,28.662442,17.5881,18.5172,0.9291
89.786158,28.662562,17.2814,18.0208,0.7394
89.504034,28.66149,16.9532,17.8783,0.9251
89.449275,28.660745,16.0755,16.6907,0.6152
89.38457,28.660383,16.6837,17.5472,0.8635
89.697288,28.661126,14.9515,15.4974,0.5459
89.26232,28.659601,16.4703,17.1606,0.6903
89.678887,28.660924,16.9563,18.042,1.0857
89.327147,28.658811,16.8064,17.5789,0.7725
89.480694,28.659177,15.5455,16.4696,0.9241
89.687895,28.659799,16.8401,17.5958,0.7557
89.675427,28.658923,14.8256,15.374,0.5484
89.674013,28.657003,13.386,13.7732,0.3872
89.807839,28.659119,17.5324,18.436,0.9036
89.526775,28.657847,15.2643,16.4209,1.1566
89.537569,28.65769,15.4594,16.8207,1.3613
89.519285,28.657781,16.9464,17.8347,0.8883
89.51469,28.657881,17.3036,18.3673,1.0637
89.386558,28.656541,17.0358,17.8191,0.7833
89.810394,28.657504,16.2084,17.5307,1.3223
89.754293,28.657089,13.7087,14.8558,1.1471
89.642432,28.656864,17.8242,18.7541,0.9299
89.52931,28.656456,17.629,18.6292,1.0002
89.484658,28.656138,16.6498,17.4998,0.85
89.441085,28.655787,15.851,16.3889,0.5379
89.325979,28.655401,16.7439,17.6634,0.9195
89.493127,28.655709,15.0932,15.6358,0.5426
89.402499,28.655037,15.6439,16.2699,0.626
89.701652,28.656192,16.9862,17.7796,0.7934
89.463133,28.654833,15.8308,16.581,0.7502
89.674033,28.657002,13.3849,13.7732,0.3883
89.773443,28.655383,15.6615,16.2805,0.619
89.613547,28.654813,15.498,16.0378,0.5398
89.797913,28.654987,15.485,16.1772,0.6922
89.597624,28.654889,17.5697,18.4683,0.8986
89.542446,28.654062,16.4676,17.2664,0.7988
89.502531,28.652958,16.5453,17.2633,0.718
89.444209,28.652832,16.7099,17.629,0.9191
89.444188,28.652835,16.7101,17.629,0.9189
89.412735,28.652118,14.7602,15.298,0.5378
89.530129,28.652714,16.1388,16.8983,0.7595
89.441566,28.65194,16.6354,17.75,1.1146
89.545293,28.65247,17.0142,17.9882,0.974
89.3655,28.651574,17.2332,18.1839,0.9507
89.667974,28.652474,16.2916,17.1487,0.8571
89.568359,28.651906,14.7442,15.367,0.6228
89.689242,28.651898,14.9503,16.0758,1.1255
89.814728,28.65252,17.5842,18.5089,0.9247
89.506845,28.651478,16.67,17.41,0.74
89.304216,28.650418,15.9361,16.8553,0.9192
89.479067,28.651005,15.9529,16.9966,1.0437
89.281303,28.650071,17.1176,18.2178,1.1002
89.414414,28.64994,13.4229,13.8221,0.3992
89.707601,28.651248,14.8981,15.603,0.7049
89.374552,28.64997,16.0725,17.1598,1.0873
89.588778,28.650776,15.2448,15.9525,0.7077
89.438936,28.649795,15.4355,16.0245,0.589
89.414387,28.649938,13.423,13.8221,0.3991
89.786048,28.651038,16.1596,16.8505,0.6909
89.438922,28.649791,15.4357,16.0271,0.5914
89.316451,28.648629,14.3325,15.0693,0.7368
89.444751,28.648382,12.1861,12.5013,0.3152
89.577741,28.65001,17.334,18.1894,0.8554
89.438908,28.649791,15.4404,16.0271,0.5867
89.581742,28.648348,13.241,14.009,0.768
89.51722,28.648603,14.1071,14.8102,0.7031
89.776298,28.649732,16.8171,17.5689,0.7518
89.294686,28.647063,14.2934,15.0495,0.7561
89.561468,28.64876,16.8689,17.7442,0.8753
89.47542,28.64831,16.4305,17.2426,0.8121
89.494456,28.647532,14.0766,14.5067,0.4301
89.651572,28.648392,17.5053,18.3645,0.8592
89.614278,28.647888,16.784,17.6071,0.8231
89.530607,28.647417,16.0528,16.8998,0.847
89.787537,28.647549,16.229,17.1138,0.8848
89.745585,28.646858,14.4782,15.2924,0.8142
89.631333,28.646763,16.9181,18.1331,1.215
89.665487,28.645377,15.2452,15.7698,0.5246
89.638087,28.645339,16.1484,17.1492,1.0008
89.329979,28.644103,16.7694,17.5905,0.8211
89.432413,28.644279,15.4453,16.6506,1.2053
89.443113,28.644329,16.7216,17.6155,0.8939
89.776592,28.645338,16.9957,18.401,1.4053
89.467269,28.644206,16.3516,16.8223,0.4707
89.824058,28.644879,16.8974,18.0014,1.104
89.580525,28.644154,16.1386,17.4605,1.3219
89.436716,28.642681,13.3689,14.2234,0.8545
89.796271,28.644097,16.7947,17.8234,1.0287
89.655829,28.643687,16.7644,17.7255,0.9611
89.487409,28.6433,17.947,18.8094,0.8624
89.25491,28.641494,15.4692,16.3029,0.8337
89.555475,28.641577,11.3758,12.8183,1.4425
89.467055,28.642116,16.4432,17.1631,0.7199
89.360902,28.641388,15.7507,16.3255,0.5748
89.746412,28.643111,16.938,17.6174,0.6794
89.291714,28.640871,16.1012,17.0028,0.9016
89.493713,28.642103,17.2831,18.2743,0.9912
89.702063,28.642116,16.4714,17.6618,1.1904
89.426513,28.640879,15.6761,16.1831,0.507
89.476509,28.641325,17.4591,18.3393,0.8802
89.481091,28.640846,16.6362,17.1754,0.5392
89.360901,28.64139,15.7512,16.3255,0.5743
89.279524,28.639489,17.4002,18.5656,1.1654
89.250002,28.63938,17.5104,18.4624,0.952
89.488283,28.640475,17.245,17.9502,0.7052
89.40773,28.639839,15.8879,17.0596,1.1717
89.394645,28.639053,16.5329,17.2736,0.7407
89.606944,28.639723,17.1089,17.959,0.8501
89.394636,28.639053,16.5329,17.2736,0.7407
89.595869,28.639651,17.1866,17.9114,0.7248
89.398609,28.638687,16.9027,17.883,0.9803
89.736098,28.639759,16.6249,17.3653,0.7404
89.740181,28.63938,15.6763,16.5017,0.8254
89.79603,28.639601,17.4845,18.5057,1.0212
89.769108,28.639151,17.5558,18.4131,0.8573
89.821839,28.639058,15.833,16.5437,0.7107
89.467863,28.638268,17.1909,18.0253,0.8344
89.769124,28.639152,17.5515,18.4131,0.8616
89.683412,28.63819,14.2415,14.6911,0.4496
89.609339,28.637519,14.032,14.8221,0.7901
89.418104,28.637084,15.2658,16.0796,0.8138
89.311015,28.63635,15.9182,16.5972,0.679
89.675311,28.637753,16.7818,17.6517,0.8699
89.503645,28.635725,15.3442,16.0782,0.734
89.433734,28.636954,16.7544,17.5567,0.8023
89.792162,28.63752,16.0153,16.7326,0.7173
89.375366,28.636316,16.173,16.9617,0.7887
89.336958,28.635836,17.7223,18.4968,0.7745
89.256962,28.634951,16.8296,17.5457,0.7161
89.383147,28.635554,17.4708,18.4791,1.0083
89.503655,28.635727,15.3442,16.0782,0.734
89.43424,28.635438,16.4595,17.5901,1.1306
89.7626,28.636545,17.5455,18.4056,0.8601
89.565935,28.63585,17.3908,18.4831,1.0923
89.447363,28.633942,10.9906,11.9588,0.9682
89.335226,28.6348,17.4839,18.3096,0.8257
89.603238,28.635174,15.5657,16.2801,0.7144
89.490126,28.63488,16.2994,17.2688,0.9694
89.241978,28.632888,15.5305,16.3491,0.8186
89.242015,28.632891,15.5268,16.3491,0.8223
89.49523,28.634206,16.6384,17.4919,0.8535
89.696871,28.634482,16.3942,17.1112,0.717
89.654972,28.634404,16.3167,17.1744,0.8577
89.560502,28.633747,16.9413,17.9299,0.9886
89.380626,28.632865,16.1803,17.0414,0.8611
89.462453,28.632888,15.7123,16.864,1.1517
89.468557,28.632536,16.0021,17.0655,1.0634
89.309438,28.631562,15.361,16.2177,0.8567
89.779759,28.633248,16.0341,17.3786,1.3445
89.539131,28.63182,13.4943,13.8921,0.3978
89.713291,28.633023,16.843,17.6746,0.8316
89.660409,28.632727,16.8222,17.5722,0.75
89.591457,28.632253,17.0751,17.9158,0.8407
89.511464,28.631941,16.9701,18.1883,1.2182
89.483859,28.631959,12.2529,12.7502,0.4973
89.390072,28.630921,16.5513,17.3731,0.8218
89.273301,28.630269,16.7015,17.5126,0.8111
89.539131,28.631818,13.4942,13.8921,0.3979
89.432082,28.630463,14.1219,14.8054,0.6835
89.621161,28.631513,16.4184,17.1176,0.6992
89.297302,28.629148,13.4287,14.0398,0.6111
89.27781,28.629859,16.6951,17.6904,0.9953
89.753856,28.631712,16.2373,16.967,0.7297
89.741375,28.631697,16.4851,17.6677,1.1826
89.807446,28.631394,16.0624,16.8417,0.7793
89.529416,28.63061,16.9597,17.9245,0.9648
89.643231,28.63086,16.9115,17.6287,0.7172
89.593334,28.630535,15.6625,16.3419,0.6794
89.26189,28.628568,16.2039,16.9636,0.7597
89.636198,28.630358,16.7383,17.4988,0.7605
89.542261,28.629998,16.5794,17.5394,0.96
89.245011,28.628396,17.3762,18.5331,1.1569
89.632843,28.629533,14.4094,15.116,0.7066
89.718384,28.630012,16.2274,16.9574,0.73
89.655941,28.629646,15.2708,16.0205,0.7497
89.771999,28.629862,15.8087,16.6353,0.8266
89.32446,28.628098,17.3563,18.1631,0.8068
89.580009,28.629191,17.1162,17.9126,0.7964
89.823005,28.629648,16.8314,17.879,1.0476
89.559875,28.627709,16.1954,17.1098,0.9144
89.371576,28.626954,17.0457,17.6155,0.5698
89.468991,28.626716,15.6684,16.3223,0.6539
89.721217,28.627368,14.4501,15.1116,0.6615
89.58122,28.627156,15.8559,16.7015,0.8456
89.25165,28.62585,17.3633,18.1057,0.7424
89.627206,28.627285,16.6496,17.4413,0.7917
89.490973,28.62643,17.2063,18.0224,0.8161
89.611507,28.626344,15.9236,17.0882,1.1646
89.481568,28.626091,17.2621,18.5333,1.2712
89.756597,28.626059,16.2428,16.9209,0.6781
89.4113,28.624705,16.157,16.7236,0.5666
89.567863,28.624714,16.0241,16.7364,0.7123
89.743062,28.625406,17.2386,18.4645,1.2259
89.441809,28.624139,17.0763,18.2036,1.1273
89.307563,28.623359,17.2679,18.1913,0.9234
89.581844,28.624686,17.3582,18.34,0.9818
89.433704,28.623761,16.5162,17.1507,0.6345
89.473979,28.623348,16.1399,16.7101,0.5702
89.522047,28.623355,16.0184,16.7844,0.766
89.757176,28.624078,16.892,17.6412,0.7492
89.598391,28.623173,14.6908,15.9431,1.2523
89.567843,28.624714,16.0241,16.7364,0.7123
89.669725,28.62318,16.9398,18.2096,1.2698
89.595206,28.621832,15.9337,16.7914,0.8577
89.715053,28.621505,12.7782,13.6232,0.845
89.774419,28.621646,13.8824,14.4298,0.5474
89.473962,28.623347,16.1399,16.7101,0.5702
89.418141,28.62036,14.6766,15.3902,0.7136
89.392275,28.620346,17.2103,18.2417,1.0314
89.534545,28.620273,15.0281,16.1253,1.0972
89.812258,28.620724,14.9893,15.6898,0.7005
89.26283,28.617928,15.0646,15.6553,0.5907
89.661861,28.619941,16.8967,17.5591,0.6624
89.257906,28.617972,16.2009,17.1157,0.9148
89.722718,28.620021,17.5466,18.3622,0.8156
89.423973,28.617751,14.5534,15.9954,1.442
89.359527,28.617488,13.8663,14.6163,0.75
89.350819,28.617512,15.0278,16.1438,1.116
89.503512,28.617902,16.6059,17.4371,0.8312
89.50353,28.617902,16.6059,17.4371,0.8312
89.680999,28.618636,17.0857,17.9164,0.8307
89.387605,28.61738,17.391,18.2573,0.8663
89.255585,28.615651,12.7022,13.8631,1.1609
89.300612,28.616616,17.2255,18.096,0.8705
89.622504,28.61712,16.0577,16.7889,0.7312
89.467401,28.616422,17.6363,18.4615,0.8252
89.559914,28.616333,16.3293,16.9767,0.6474
89.489264,28.615601,17.2255,18.2486,1.0231
89.712417,28.616418,15.3554,15.8623,0.5069
89.743817,28.616233,15.5204,16.2819,0.7615
89.529962,28.615861,16.2968,16.8387,0.5419
89.743826,28.616236,15.5198,16.2819,0.7621
89.489257,28.6156,17.2533,18.2486,0.9953
89.457638,28.614532,14.3213,14.7841,0.4628
89.370408,28.61467,17.169,18.061,0.892
89.428857,28.61441,17.3875,18.4201,1.0326
89.334414,28.613411,16.629,17.5738,0.9448
89.388004,28.613214,15.2033,15.9201,0.7168
89.788821,28.614353,17.525,18.4787,0.9537
89.632118,28.61366,17.3,18.1819,0.8819
89.592993,28.613567,17.0217,17.7481,0.7264
89.4682,28.612147,16.4905,17.2361,0.7456
89.468209,28.612151,16.4896,17.2361,0.7465
89.245797,28.611278,17.2257,18.0486,0.8229
89.824538,28.613393,17.7221,18.5223,0.8002
89.691864,28.612258,14.2049,14.9019,0.697
89.638011,28.612893,17.4047,18.1711,0.7664
89.383328,28.611552,16.6425,17.4972,0.8547
89.350519,28.611204,11.6136,12.3147,0.7011
89.776597,28.610174,11.3089,11.8188,0.5099
89.446021,28.610944,17.0104,17.9735,0.9631
89.303042,28.610386,17.5532,18.4765,0.9233
89.241389,28.609924,17.9357,18.5318,0.5961
89.776585,28.610174,11.3089,11.8188,0.5099
89.674415,28.611407,17.3152,18.178,0.8628
89.505853,28.610467,15.5829,16.2889,0.706
89.292125,28.609292,14.6992,15.4624,0.7632
89.248367,28.6093,17.1885,17.9511,0.7626
89.659097,28.610935,16.8424,17.6609,0.8185
89.352128,28.607658,12.2816,12.7876,0.506
89.591272,28.610106,15.713,16.4303,0.7173
89.438474,28.609623,17.1883,18.0584,0.8701
89.274682,28.608519,15.9521,16.5418,0.5897
89.593288,28.609496,15.2176,15.9649,0.7473
89.710056,28.610076,16.6483,17.4428,0.7945
89.675152,28.609209,16.5198,17.2187,0.6989
89.67516,28.609208,16.5194,17.2187,0.6993
89.591259,28.610107,15.7154,16.4303,0.7149
89.410863,28.608621,15.6307,16.9009,1.2702
89.693087,28.609544,16.374,17.0461,0.6721
89.762163,28.60957,16.6665,17.397,0.7305
89.741936,28.609294,16.2582,17.1641,0.9059
89.74992,28.609209,16.3439,17.2099,0.866
89.352109,28.607659,12.2816,12.7876,0.506
89.337981,28.606405,13.4695,13.9462,0.4767
89.733792,28.608654,17.392,18.1228,0.7308
89.530587,28.607159,16.5592,17.3882,0.829
89.389833,28.60626,16.8537,17.7682,0.9145
89.765361,28.607521,16.9139,18.1859,1.272
89.748122,28.607796,17.3989,18.3132,0.9143
89.569826,28.606995,17.4734,18.4155,0.9421
89.563286,28.606426,14.5945,15.3589,0.7644
89.267796,28.605242,17.2325,18.6424,1.4099
89.794234,28.607176,17.5894,18.3889,0.7995
89.461602,28.606025,17.4019,18.19,0.7881
89.438848,28.605903,17.5583,18.531,0.9727
89.382354,28.605448,16.6345,17.5015,0.867
89.644551,28.606032,16.1059,16.6538,0.5479
89.525474,28.605277,14.7186,16.1287,1.4101
89.685983,28.604654,15.9327,16.6172,0.6845
89.585401,28.605667,16.6461,17.4032,0.7571
89.301291,28.60459,17.5943,18.5952,1.0009
89.573556,28.605627,17.385,18.1939,0.8089
89.680712,28.605605,16.4907,17.1336,0.6429
89.594459,28.605224,16.4293,17.2123,0.783
89.776657,28.605321,15.5338,16.2196,0.6858
89.685981,28.604653,15.9327,16.6172,0.6845
89.498848,28.603798,15.0219,15.9396,0.9177
89.366849,28.602996,15.1431,15.9624,0.8193
89.612405,28.602775,11.591,12.4469,0.8559
89.271175,28.601938,15.4957,16.3506,0.8549
89.762897,28.603583,14.4568,15.5574,1.1006
89.617809,28.603369,16.8625,18.1518,1.2893
89.563576,28.60326,17.2403,18.0286,0.7883
89.60863,28.602982,15.7111,16.4561,0.745
89.62311,28.602519,16.0246,16.6972,0.6726
89.409567,28.601869,17.437,18.3244,0.8874
89.808727,28.60132,11.5567,12.1043,0.5476
89.505022,28.601649,16.0445,16.5634,0.5189
89.434382,28.601759,17.4322,18.213,0.7808
89.392174,28.601031,15.2325,15.7067,0.4742
89.70068,28.602204,17.3635,18.088,0.7245
89.415503,28.600954,16.8285,17.8293,1.0008
89.741163,28.601577,16.114,17.0295,0.9155
89.680719,28.601986,17.9903,18.7762,0.7859
89.636968,28.601278,16.5145,17.3363,0.8218
89.47326,28.600306,16.0465,16.7566,0.7101
89.750384,28.600919,15.8716,16.6606,0.789
89.663587,28.600937,17.677,18.3949,0.7179
89.456661,28.59949,17.4422,18.0816,0.6394
89.246884,28.598324,16.3139,17.0854,0.7715
89.649618,28.600212,16.8582,17.8431,0.9849
89.338774,28.598314,15.2543,15.8076,0.5533
89.423078,28.599096,17.8187,18.4695,0.6508
89.311975,28.598474,17.4762,18.3543,0.8781
89.590482,28.598875,15.1814,15.926,0.7446
89.579446,28.598642,13.8511,14.3286,0.4775
89.680076,28.599513,17.3882,18.2196,0.8314
89.497203,28.598716,17.4929,18.2168,0.7239
89.24293,28.597439,17.5126,18.4274,0.9148
89.69653,28.599268,17.1499,17.9957,0.8458
89.545698,28.598671,17.8385,18.6427,0.8042
89.363669,28.597023,16.4,17.1395,0.7395
89.551244,28.597902,17.4931,18.3152,0.8221
89.265639,28.595961,14.7987,15.39,0.5913
89.381797,28.595957,13.4385,14.5724,1.1339
89.764866,28.597996,17.0834,17.7606,0.6772
89.800911,28.597429,16.6149,17.3668,0.7519
89.722004,28.596978,15.3063,16.1844,0.8781
89.448661,28.595066,14.2072,14.9826,0.7754
89.332911,28.594524,13.1587,14.4139,1.2552
89.388591,28.595196,16.4509,17.2201,0.7692
89.279585,28.594323,17.3531,18.6455,1.2924
89.606575,28.594998,16.0094,16.6163,0.6069
89.349172,28.593838,16.4479,17.2254,0.7775
89.699936,28.595287,17.6061,18.3806,0.7745
89.440886,28.594227,16.7475,17.7196,0.9721
89.562025,28.593811,13.0545,13.722,0.6675
89.544927,28.594024,14.7584,15.9322,1.1738
89.309331,28.592927,16.7138,17.9158,1.202
89.807728,28.594945,17.3863,18.2611,0.8748
89.792935,28.594684,16.8341,17.3955,0.5614
89.518387,28.593734,16.7994,18.0178,1.2184
89.468976,28.593293,16.9068,17.7618,0.855
89.562043,28.593809,13.0541,13.722,0.6679
89.31884,28.592202,17.1255,17.9658,0.8403
89.79997,28.593513,14.4632,14.8538,0.3906
89.374562,28.592297,16.6847,17.6357,0.951
89.295313,28.591749,15.8227,16.615,0.7923
89.65085,28.593469,17.5836,18.4859,0.9023
89.697017,28.593241,16.9139,17.6576,0.7437
89.403086,28.59159,15.0457,15.6804,0.6347
89.562046,28.59381,13.0541,13.722,0.6679
89.735497,28.592887,16.3907,17.098,0.7073
89.491896,28.59122,14.4336,15.4964,1.0628
89.414492,28.591582,16.672,17.3931,0.7211
89.687598,28.592318,16.229,17.3266,1.0976
89.378468,28.590927,16.3929,17.2274,0.8345
89.364093,28.590596,15.3064,16.1882,0.8818
89.664219,28.591649,14.6872,15.4466,0.7594
89.7338,28.591394,14.4126,15.4862,1.0736
89.335374,28.589991,17.2255,17.981,0.7555
89.716462,28.590536,14.5877,15.0565,0.4688
89.633803,28.590261,16.0397,16.7566,0.7169
89.756777,28.590257,17.3244,18.3915,1.0671
89.506161,28.588884,15.2198,16.0678,0.848
89.246956,28.587703,16.7142,17.3635,0.6493
89.526589,28.589126,17.0575,18.0547,0.9972
89.799512,28.589318,17.288,17.8913,0.6033
89.565658,28.588422,16.0519,16.8551,0.8032
89.497219,28.588317,17.894,18.5302,0.6362
89.436933,28.587835,16.8327,17.6986,0.8659
89.316381,28.586957,15.5001,16.2617,0.7616
89.788675,28.588902,16.9603,17.9598,0.9995
89.788667,28.588902,16.9603,17.9598,0.9995
89.402824,28.587327,17.258,18.0148,0.7568
89.480244,28.587364,16.6878,17.7199,1.0321
89.745809,28.587446,13.786,14.5829,0.7969
89.700607,28.586877,12.8373,13.5507,0.7134
89.488981,28.586666,16.6679,17.5394,0.8715
89.728292,28.586283,12.5445,14.3391,1.7946
89.505985,28.586467,16.8655,17.7483,0.8828
89.580548,28.586266,15.6965,16.4969,0.8004
89.567304,28.586302,17.0677,18.0229,0.9552
89.56281,28.585233,14.2748,15.1481,0.8733
89.541533,28.585294,17.0975,17.8353,0.7378
89.357017,28.584455,16.3615,17.2011,0.8396
89.346931,28.584226,17.1634,18.0315,0.8681
89.70635,28.585535,16.8375,17.5928,0.7553
89.680164,28.585488,17.4793,18.1987,0.7194
89.313768,28.582781,14.8626,15.4612,0.5986
89.599661,28.583867,15.375,16.5213,1.1463
89.339711,28.582331,15.6093,16.8406,1.2313
89.743211,28.583543,15.1091,15.8557,0.7466
89.775549,28.583387,16.3593,17.0712,0.7119
89.695316,28.583144,16.4261,17.1255,0.6994
89.514703,28.582212,16.9385,17.7547,0.8162
89.363897,28.580742,16.9569,17.5853,0.6284
89.582955,28.581447,15.2556,15.8932,0.6376
89.678268,28.581248,17.4783,18.2497,0.7714
89.557855,28.579488,13.3513,14.5267,1.1754
89.290136,28.578322,14.8003,15.3405,0.5402
89.823786,28.579603,12.9255,13.3573,0.4318
89.784473,28.580492,17.2248,17.8972,0.6724
89.579316,28.579331,17.7791,18.8446,1.0655
89.509969,28.578999,16.5309,17.1313,0.6004
89.506105,28.578121,15.9565,16.6475,0.691
89.725703,28.578082,16.6497,17.3669,0.7172
89.550384,28.576661,11.4074,11.8863,0.4789
89.619261,28.5779,15.5128,16.6826,1.1698
89.358476,28.577175,16.9427,17.6408,0.6981
89.288676,28.576162,14.7261,15.2611,0.535
89.733203,28.57836,17.2531,18.1601,0.907
89.558658,28.577264,12.1332,12.4591,0.3259
89.755173,28.577407,14.037,14.7181,0.6811
89.725691,28.578082,16.6499,17.3669,0.717
89.579313,28.577214,17.218,18.0745,0.8565
89.550345,28.57666,11.4076,11.8863,0.4787
89.655457,28.577473,17.5688,18.3663,0.7975
89.567688,28.577113,17.2457,18.1563,0.9106
89.797724,28.577391,16.7293,17.6653,0.936
89.543699,28.576892,17.2803,18.1242,0.8439
89.494838,28.576545,17.5978,18.5037,0.9059
89.70997,28.576894,17.2249,17.9336,0.7087
89.793991,28.576754,17.5215,18.2225,0.701
89.476901,28.57534,17.587,18.4591,0.8721
89.409925,28.574498,14.8467,16.0093,1.1626
89.647655,28.575765,17.2262,18.0683,0.8421
89.397389,28.574411,17.3601,18.4089,1.0488
89.269666,28.573528,16.5014,17.3983,0.8969
89.721387,28.575173,16.4188,17.4496,1.0308
89.684784,28.574837,14.8845,16.1475,1.263
89.241674,28.572701,15.5267,16.8335,1.3068
89.602126,28.57482,17.5921,18.1946,0.6025
89.35466,28.573258,14.9284,15.6832,0.7548
89.81245,28.575314,17.1091,17.8112,0.7021
89.588875,28.574521,17.3742,17.798,0.4238
89.280793,28.571779,16.5697,17.6256,1.0559
89.753563,28.57377,15.5852,16.425,0.8398
89.380714,28.572618,16.8948,17.5576,0.6628
89.656202,28.572533,14.165,15.0829,0.9179
89.65616,28.572528,14.1643,15.0829,0.9186
89.651696,28.573644,16.5662,17.3528,0.7866
89.592486,28.573527,17.4169,18.1992,0.7823
89.384594,28.57194,15.5093,16.1359,0.6266
89.368453,28.571325,16.2168,16.9178,0.701
89.346763,28.571295,16.5483,17.4217,0.8734
89.346774,28.571293,16.5485,17.4217,0.8732
89.280805,28.571777,16.5703,17.6256,1.0553
89.275838,28.569697,14.4339,15.0662,0.6323
89.660408,28.57272,17.8497,18.445,0.5953
89.31273,28.570765,16.5495,17.4204,0.8709
89.275852,28.569696,14.434,15.0662,0.6322
89.396569,28.570552,15.6846,16.4464,0.7618
89.766544,28.571522,15.2713,16.1152,0.8439
89.673878,28.571506,16.5724,17.3288,0.7564
89.809816,28.570836,12.9525,13.3552,0.4027
89.603992,28.570835,16.2502,16.8796,0.6294
89.448324,28.570228,16.0793,16.9824,0.9031
89.793854,28.570924,15.3136,15.9046,0.591
89.755758,28.570281,13.3075,13.9184,0.6109
89.584322,28.570426,15.7108,16.5565,0.8457
89.793853,28.57092,15.3134,15.9046,0.5912
89.663163,28.570755,16.8961,17.489,0.5929
89.468486,28.569468,15.0341,15.6379,0.6038
89.43933,28.569656,16.7005,17.4307,0.7302
89.75918,28.570681,17.1016,17.8543,0.7527
89.493659,28.568563,14.9272,15.6564,0.7292
89.541823,28.56994,17.4918,18.3163,0.8245
89.781553,28.570549,17.7696,18.514,0.7444
89.386797,28.568227,15.52,16.4964,0.9764
89.49365,28.568562,14.9272,15.6565,0.7293
89.484853,28.568486,16.0235,16.8747,0.8512
89.433556,28.568344,17.4368,18.1022,0.6654
89.667496,28.56894,15.5673,16.325,0.7577
89.576488,28.568114,14.7846,15.981,1.1964
89.459389,28.567808,17.0057,17.9641,0.9584
89.362114,28.567205,17.1103,17.9596,0.8493
89.651497,28.568219,11.8574,12.1771,0.3197
89.573344,28.567084,15.6104,16.8263,1.2159
89.573363,28.567082,15.6108,16.8263,1.2155
89.654147,28.566373,14.0602,14.4278,0.3676
89.524741,28.566365,15.8732,17.0065,1.1333
89.740068,28.567024,16.9596,17.8363,0.8767
89.687726,28.566737,16.3664,17.0705,0.7041
89.766747,28.567002,17.5256,18.3875,0.8619
89.461262,28.565225,13.8855,14.4283,0.5428
89.389197,28.56546,17.1551,17.9554,0.8003
89.71589,28.566654,18.2542,18.7179,0.4637
89.319829,28.564634,16.8466,17.638,0.7914
89.571637,28.565646,16.1921,17.2388,1.0467
89.808585,28.565495,14.9401,15.4229,0.4828
89.662236,28.565774,16.3914,17.1891,0.7977
89.662235,28.565774,16.3916,17.1891,0.7975
89.486257,28.565102,17.7835,18.4153,0.6318
89.399998,28.564209,16.3047,16.8295,0.5248
89.728537,28.565501,17.5402,18.1258,0.5856
89.684816,28.56539,17.1157,17.9879,0.8722
89.394848,28.564146,17.608,18.5211,0.9131
89.759317,28.565205,16.013,16.6253,0.6123
89.699582,28.56513,16.7273,17.528,0.8007
89.582402,28.565419,16.7857,17.561,0.7753
89.437827,28.563874,16.7887,17.7479,0.9592
89.411292,28.563724,16.7343,17.9267,1.1924
89.526282,28.563113,15.2662,16.5201,1.2539
89.820853,28.563698,16.3895,17.1087,0.7192
89.813984,28.563771,16.7701,17.6112,0.8411
89.759302,28.565206,16.013,16.6253,0.6123
89.602085,28.562915,17.0314,17.9537,0.9223
89.633157,28.562679,16.0209,16.4475,0.4266
89.580777,28.561649,17.7853,18.6262,0.8409
89.759317,28.565208,16.0132,16.6253,0.6121
89.747396,28.562644,17.2056,18.0008,0.7952
89.659463,28.562535,17.0511,17.8015,0.7504
89.678312,28.560953,11.6329,12.4085,0.7756
89.673362,28.562268,17.1686,17.8377,0.6691
89.371268,28.560836,16.733,17.6132,0.8802
89.344406,28.56057,16.3479,17.2448,0.8969
89.295319,28.56059,16.9935,17.7536,0.7601
89.411072,28.560296,14.1263,14.835,0.7087
89.797736,28.56187,15.9133,16.6498,0.7365
89.580776,28.561648,17.7848,18.6262,0.8414
89.41107,28.560295,14.1263,14.835,0.7087
89.712215,28.561652,17.2976,18.0964,0.7988
89.306381,28.559787,16.55,17.3972,0.8472
89.281608,28.559827,16.6468,17.4111,0.7643
89.267336,28.55967,16.394,17.2128,0.8188
89.81819,28.561485,15.8502,17.0334,1.1832
89.668076,28.561472,17.0397,18.3387,1.299
89.719481,28.561109,16.5703,17.3127,0.7424
89.259151,28.559069,16.49,17.2695,0.7795
89.502488,28.560101,16.0699,16.8603,0.7904
89.774799,28.561035,17.6608,18.3751,0.7143
89.761222,28.56061,14.9956,15.8862,0.8906
89.335517,28.558624,15.6966,16.4239,0.7273
89.761245,28.560614,14.9939,15.8841,0.8902
89.607306,28.559873,16.7758,17.3482,0.5724
89.526804,28.559341,14.3515,14.8382,0.4867
89.308311,28.558353,15.8936,16.6905,0.7969
89.806491,28.560617,17.6075,18.3153,0.7078
89.311382,28.558185,16.6695,17.4877,0.8182
89.554916,28.559465,17.0575,17.9799,0.9224
89.579305,28.559066,16.2632,17.0202,0.757
89.729656,28.558922,14.3816,15.1033,0.7217
89.457042,28.557344,12.976,14.0482,1.0722
89.695243,28.557841,13.8549,14.2855,0.4306
89.653242,28.55835,16.1367,16.9416,0.8049
89.77231,28.558313,16.5479,17.2677,0.7198
89.663351,28.55721,15.3013,16.506,1.2047
89.379516,28.556193,16.4888,17.5179,1.0291
89.284952,28.555598,16.2614,17.05,0.7886
89.277912,28.55556,16.7439,17.7473,1.0034
89.478818,28.556277,17.2248,18.1805,0.9557
89.670421,28.556232,16.4892,17.152,0.6628
89.526737,28.556322,17.0926,17.8658,0.7732
89.265853,28.554791,16.2155,16.9899,0.7744
89.396045,28.554897,15.3088,16.2106,0.9018
89.781548,28.5565,17.476,18.1788,0.7028
89.558385,28.555705,17.0328,17.7483,0.7155
89.492273,28.554373,16.184,16.9193,0.7353
89.492282,28.554371,16.184,16.9193,0.7353
89.534881,28.555172,15.8802,16.649,0.7688
89.256182,28.553837,16.9901,17.8278,0.8377
89.670436,28.556237,16.4931,17.152,0.6589
89.314884,28.553655,16.8897,17.5888,0.6991
89.513287,28.55434,16.6977,17.4999,0.8022
89.712855,28.554062,14.4189,15.5684,1.1495
89.67398,28.554467,16.406,17.0802,0.6742
89.515722,28.553579,14.8745,15.6398,0.7653
89.30509,28.552954,17.5964,18.4121,0.8157
89.287675,28.551527,17.1534,18.2995,1.1461
89.320177,28.552365,17.6718,18.5339,0.8621
89.317042,28.552027,15.1681,15.9516,0.7835
89.671158,28.55323,15.5486,16.0998,0.5512
89.621827,28.552686,15.7694,16.4455,0.6761
89.621796,28.55269,15.7698,16.4455,0.6757
89.287716,28.551528,17.1534,18.2995,1.1461
89.497424,28.551977,15.4212,15.9461,0.5249
89.624362,28.551956,15.2413,15.7671,0.5258
89.454189,28.550544,11.9963,12.3386,0.3423
89.659752,28.552167,16.4894,17.8562,1.3668
89.352729,28.550824,16.7495,17.611,0.8615
89.411722,28.55083,16.1915,16.9571,0.7656
89.668342,28.551502,15.03,15.5275,0.4975
89.446281,28.550855,16.6059,17.4961,0.8902
89.703852,28.550835,15.7616,17.0634,1.3018
89.549816,28.550682,17.0709,17.8969,0.826
89.384995,28.549193,16.7767,17.6684,0.8917
89.46645,28.549234,15.9146,16.6357,0.7211
89.391369,28.548562,14.3313,15.0383,0.707
89.424692,28.54846,15.8485,16.8599,1.0114
89.424666,28.548462,15.8453,16.8599,1.0146
89.399897,28.549031,17.7326,18.3797,0.6471
89.658138,28.549263,16.6771,17.5174,0.8403
89.387567,28.548146,17.0609,17.9533,0.8924
89.597342,28.549102,17.7186,18.3889,0.6703
89.259999,28.54716,16.7808,17.4918,0.711
89.798745,28.549139,17.4509,18.438,0.9871
89.321404,28.547074,17.5911,18.4587,0.8676
89.551863,28.547223,14.2606,14.825,0.5644
89.340606,28.54636,15.0396,15.8917,0.8521
89.738966,28.547555,15.2887,15.8309,0.5422
89.646571,28.546992,15.3715,15.8241,0.4526
89.557333,28.546988,16.3142,17.0439,0.7297
89.38645,28.545999,17.2604,18.526,1.2656
89.410246,28.545475,15.9198,16.6812,0.7614
89.305449,28.545349,17.1273,18.0468,0.9195
89.644193,28.546074,17.0611,18.2238,1.1627
89.266822,28.544235,16.0885,16.9833,0.8948
89.342276,28.543851,16.7827,18.2203,1.4376
89.527291,28.544269,16.2011,17.0492,0.8481
89.472871,28.544218,15.9941,16.7304,0.7363
89.635512,28.544262,14.1894,14.6348,0.4454
89.467669,28.543391,14.1619,14.8451,0.6832
89.317777,28.543343,17.315,17.9524,0.6374
89.679136,28.544475,15.5034,16.1812,0.6778
89.617775,28.543362,12.4052,13.0645,0.6593
89.807791,28.54439,15.5781,16.449,0.8709
89.506498,28.543645,16.9773,17.6898,0.7125
89.377747,28.542658,15.8016,16.684,0.8824
89.802397,28.543736,13.8238,14.8197,0.9959
89.756863,28.544095,16.8567,17.6072,0.7505
89.384572,28.542883,17.1418,18.0113,0.8695
89.718201,28.543731,17.6515,18.5497,0.8982
89.697752,28.543358,16.2606,16.7642,0.5036
89.764799,28.543321,16.3572,17.055,0.6978
89.75687,28.544098,16.8576,17.6072,0.7496
89.604948,28.542467,16.2398,16.8459,0.6061
89.337205,28.540587,13.6213,14.1989,0.5776
89.716884,28.542468,16.9214,17.5934,0.672
89.431078,28.541125,16.0642,16.8275,0.7633
89.811375,28.542411,16.6688,17.5039,0.8351
89.520736,28.541007,15.3018,15.779,0.4772
89.346396,28.54038,16.6904,17.3751,0.6847
89.297742,28.539113,17.1474,17.9127,0.7653
89.748632,28.540779,17.4721,18.0668,0.5947
89.680431,28.540315,16.9458,17.7394,0.7936
89.454698,28.538084,11.6056,13.1357,1.5301
89.798685,28.540242,17.0057,17.7655,0.7598
89.3118,28.53814,16.7198,17.3081,0.5883
89.821359,28.539672,16.0076,16.8146,0.807
89.493949,28.53872,15.702,16.4992,0.7972
89.791311,28.539531,16.9409,17.6837,0.7428
89.524181,28.538336,14.5826,15.746,1.1634
89.764113,28.539421,17.5226,18.3749,0.8523
89.622871,28.538387,14.4127,15.5256,1.1129
89.585416,28.53871,16.6879,17.4816,0.7937
89.382904,28.537129,14.9929,15.6969,0.704
89.264376,28.536772,16.0014,16.7804,0.779
89.249899,28.536922,17.5014,18.3517,0.8503
89.33616,28.536423,16.306,17.0307,0.7247
89.744157,28.537676,16.5943,17.6014,1.0071
89.705818,28.537467,16.304,16.9709,0.6669
89.780302,28.537125,16.9813,17.6276,0.6463
89.68865,28.536551,17.0592,17.7314,0.6722
89.622796,28.536345,16.8034,17.542,0.7386
89.613801,28.536026,17.5648,18.2626,0.6978
89.723506,28.536371,17.7538,18.5989,0.8451
89.603348,28.535563,16.3623,17.0464,0.6841
89.547316,28.535562,17.0754,18.1704,1.095
89.798819,28.535595,14.8039,15.502,0.6981
89.823956,28.535962,16.861,17.859,0.998
89.732011,28.535519,16.7585,17.5163,0.7578
89.545679,28.534661,16.9847,17.8933,0.9086
89.59857,28.534358,15.508,16.2198,0.7118
89.562754,28.534112,15.0721,15.8526,0.7805
89.273405,28.532682,15.6927,16.9713,1.2786
89.815955,28.533997,15.8875,16.7942,0.9067
89.450548,28.532595,12.0953,12.8539,0.7586
89.56856,28.533085,14.6843,15.3936,0.7093
